﻿<?xml version="1.0" encoding="UTF-8"?>
<idempiere Name="LCO_RetencionesBaseData" Version="1.0" idempiereVersion="" DataBaseVersion="" Description="LCO Retenciones - Retenciones Easytech" Author="" AuthorEmail="info@globalqss.com" CreatedDate="2013-08-08 13:00:17.238" UpdatedDate="2014-03-30 17:23:10.771" PackOutVersion="100" Client="1000000-Easytech-Easytech" AD_Client_UU="99546095-c689-4415-824d-195136fd9479">
    <C_TaxCategory type="table">
        <AD_Org_ID>0</AD_Org_ID>
        <C_TaxCategory_UU>e2f10df7-2daa-4323-8855-9e75783aaec6</C_TaxCategory_UU>
        <IsDefault>true</IsDefault>
        <CommodityCode/>
        <Name>Impuesto al Valor Agragado</Name>
        <Description/>
        <IsActive>true</IsActive>
        <IsWithholding>false</IsWithholding>
    </C_TaxCategory>
    <C_TaxCategory type="table">
        <AD_Org_ID>0</AD_Org_ID>
        <C_TaxCategory_UU>0175e447-8cf6-49dc-9458-50ea87558b7f</C_TaxCategory_UU>
        <IsDefault>false</IsDefault>
        <CommodityCode/>
        <Name>Retención en la fuente</Name>
        <Description/>
        <IsActive>true</IsActive>
        <IsWithholding>true</IsWithholding>
    </C_TaxCategory>
    <C_TaxCategory type="table">
        <AD_Org_ID>0</AD_Org_ID>
        <C_TaxCategory_UU>f4e46ad0-92bb-4896-b2fe-053ad289cfcb</C_TaxCategory_UU>
        <IsDefault>false</IsDefault>
        <CommodityCode/>
        <Name>Impuesto Selectivo de Consumo</Name>
        <Description/>
        <IsActive>true</IsActive>
        <IsWithholding>false</IsWithholding>
    </C_TaxCategory>
    <C_TaxCategory type="table">
        <AD_Org_ID>0</AD_Org_ID>
        <C_TaxCategory_UU>89909513-05bb-44d8-b257-1ea004996d38</C_TaxCategory_UU>
        <IsDefault>false</IsDefault>
        <CommodityCode/>
        <Name>Exento</Name>
        <Description/>
        <IsActive>true</IsActive>
        <IsWithholding>false</IsWithholding>
    </C_TaxCategory>
    <C_TaxCategory type="table">
        <AD_Org_ID>0</AD_Org_ID>
        <C_TaxCategory_UU>3f1f04e6-82d2-4eca-ab66-8d88dc90ec15</C_TaxCategory_UU>
        <IsDefault>false</IsDefault>
        <CommodityCode/>
        <Name>Exonerado</Name>
        <Description/>
        <IsActive>true</IsActive>
        <IsWithholding>false</IsWithholding>
    </C_TaxCategory>
    <C_TaxCategory type="table">
        <AD_Org_ID>0</AD_Org_ID>
        <C_TaxCategory_UU>4ef3e009-c99f-4fa2-96de-927aaa85f626</C_TaxCategory_UU>
        <IsDefault>false</IsDefault>
        <CommodityCode/>
        <Name>Retenciones Laborales</Name>
        <Description/>
        <IsActive>true</IsActive>
        <IsWithholding>true</IsWithholding>
    </C_TaxCategory>
    <C_TaxCategory type="table">
        <AD_Org_ID>0</AD_Org_ID>
        <C_TaxCategory_UU>db001416-0890-41d7-903f-eb02fc99fe5c</C_TaxCategory_UU>
        <IsDefault>false</IsDefault>
        <CommodityCode/>
        <Name>Retenciones Municipales</Name>
        <Description/>
        <IsActive>true</IsActive>
        <IsWithholding>true</IsWithholding>
    </C_TaxCategory>
    <C_Tax type="table">
        <AD_Org_ID>0</AD_Org_ID>
        <To_Region_ID reference="id"/>
        <SOPOType>B</SOPOType>
        <AD_Rule_ID reference="id"/>
        <C_TaxCategory_ID reference="uuid" reference-key="C_TaxCategory">e2f10df7-2daa-4323-8855-9e75783aaec6</C_TaxCategory_ID>
        <IsDefault>true</IsDefault>
        <IsDocumentLevel>false</IsDocumentLevel>
        <IsSummary>false</IsSummary>
        <Parent_Tax_ID reference="id"/>
        <Rate>15</Rate>
        <RequiresTaxCertificate>false</RequiresTaxCertificate>
        <TaxIndicator/>
        <To_Country_ID reference="id">263</To_Country_ID>
        <ValidFrom>2006-01-01 00:00:00.0</ValidFrom>
        <C_Country_ID reference="id">263</C_Country_ID>
        <C_Region_ID reference="id"/>
        <IsTaxExempt>false</IsTaxExempt>
        <IsSalesTax>false</IsSalesTax>
        <Name>IVA 15%</Name>
        <Description/>
        <C_Tax_UU>070085d0-6d85-4ea3-a1ff-35a504a56b5f</C_Tax_UU>
        <IsActive>true</IsActive>
    </C_Tax>
    <C_Tax type="table">
        <AD_Org_ID>0</AD_Org_ID>
        <AD_Rule_ID reference="id"/>
        <C_Country_ID reference="id">263</C_Country_ID>
        <C_Region_ID reference="id"/>
        <C_TaxCategory_ID reference="uuid" reference-key="C_TaxCategory">89909513-05bb-44d8-b257-1ea004996d38</C_TaxCategory_ID>
        <C_TaxProvider_ID reference="id"/>
        <C_Tax_UU>1cbab1bf-4afa-44c9-8d30-c2decd498685</C_Tax_UU>
        <Description/>
        <IsActive>true</IsActive>
        <IsDefault>false</IsDefault>
        <IsDocumentLevel>false</IsDocumentLevel>
        <IsSalesTax>false</IsSalesTax>
        <IsSummary>false</IsSummary>
        <IsTaxExempt>false</IsTaxExempt>
        <Name>IVA 0%</Name>
        <Parent_Tax_ID reference="id"/>
        <Rate>0.00</Rate>
        <RequiresTaxCertificate>false</RequiresTaxCertificate>
        <SOPOType>B</SOPOType>
        <TaxIndicator/>
        <To_Country_ID reference="id">263</To_Country_ID>
        <To_Region_ID reference="id"/>
        <ValidFrom>2006-01-01 00:00:00.0</ValidFrom>
        <C_Tax_Trl type="translation">
            <Description/>
            <Name>IVA 0%</Name>
            <TaxIndicator/>
            <AD_Language>es_CO</AD_Language>
            <IsActive>true</IsActive>
            <IsTranslated>false</IsTranslated>
        </C_Tax_Trl>
    </C_Tax>
    <C_Tax type="table">
        <AD_Org_ID>0</AD_Org_ID>
        <AD_Rule_ID reference="id"/>
        <C_Country_ID reference="id">263</C_Country_ID>
        <C_Region_ID reference="id"/>
        <C_TaxCategory_ID reference="uuid" reference-key="C_TaxCategory">f4e46ad0-92bb-4896-b2fe-053ad289cfcb</C_TaxCategory_ID>
        <C_TaxProvider_ID reference="id"/>
        <C_Tax_UU>c3923f9d-da30-4e0f-8018-6408c58b74fe</C_Tax_UU>
        <Description/>
        <IsActive>true</IsActive>
        <IsDefault>false</IsDefault>
        <IsDocumentLevel>false</IsDocumentLevel>
        <IsSalesTax>false</IsSalesTax>
        <IsSummary>false</IsSummary>
        <IsTaxExempt>false</IsTaxExempt>
        <Name>ISC 1%</Name>
        <Parent_Tax_ID reference="id"/>
        <Rate>1.00</Rate>
        <RequiresTaxCertificate>false</RequiresTaxCertificate>
        <SOPOType>B</SOPOType>
        <TaxIndicator/>
        <To_Country_ID reference="id">263</To_Country_ID>
        <To_Region_ID reference="id"/>
        <ValidFrom>2006-01-01 00:00:00.0</ValidFrom>
        <C_Tax_Trl type="translation">
            <Description/>
            <Name>ISC 1%</Name>
            <TaxIndicator/>
            <AD_Language>es_CO</AD_Language>
            <IsActive>true</IsActive>
            <IsTranslated>false</IsTranslated>
        </C_Tax_Trl>
    </C_Tax>
    <C_Tax type="table">
        <AD_Org_ID>0</AD_Org_ID>
        <AD_Rule_ID reference="id"/>
        <C_Country_ID reference="id">263</C_Country_ID>
        <C_Region_ID reference="id"/>
        <C_TaxCategory_ID reference="uuid" reference-key="C_TaxCategory">3f1f04e6-82d2-4eca-ab66-8d88dc90ec15</C_TaxCategory_ID>
        <C_TaxProvider_ID reference="id"/>
        <C_Tax_UU>655aae26-7a4d-4cb7-ad80-5c3f8973c9b8</C_Tax_UU>
        <Description/>
        <IsActive>true</IsActive>
        <IsDefault>false</IsDefault>
        <IsDocumentLevel>false</IsDocumentLevel>
        <IsSalesTax>false</IsSalesTax>
        <IsSummary>false</IsSummary>
        <IsTaxExempt>false</IsTaxExempt>
        <Name>IVA 15% - IVA 0%</Name>
        <Parent_Tax_ID reference="id"/>
        <Rate>0.00</Rate>
        <RequiresTaxCertificate>false</RequiresTaxCertificate>
        <SOPOType>B</SOPOType>
        <TaxIndicator/>
        <To_Country_ID reference="id">263</To_Country_ID>
        <To_Region_ID reference="id"/>
        <ValidFrom>2006-01-01 00:00:00.0</ValidFrom>
        <C_Tax_Trl type="translation">
            <Description/>
            <Name>IVA 15% - IVA 0%</Name>
            <TaxIndicator/>
            <AD_Language>es_CO</AD_Language>
            <IsActive>true</IsActive>
            <IsTranslated>false</IsTranslated>
        </C_Tax_Trl>
    </C_Tax>
    <C_Tax type="table">
        <AD_Org_ID>0</AD_Org_ID>
        <AD_Rule_ID reference="id"/>
        <C_Country_ID reference="id">263</C_Country_ID>
        <C_Region_ID reference="id"/>
        <C_TaxCategory_ID reference="uuid" reference-key="C_TaxCategory">4ef3e009-c99f-4fa2-96de-927aaa85f626</C_TaxCategory_ID>
        <C_TaxProvider_ID reference="id"/>
        <C_Tax_UU>a6af81a5-e7d1-4fa2-b5c4-3d7cb1e5db7a</C_Tax_UU>
        <Description/>
        <IsActive>true</IsActive>
        <IsDefault>false</IsDefault>
        <IsDocumentLevel>false</IsDocumentLevel>
        <IsSalesTax>false</IsSalesTax>
        <IsSummary>false</IsSummary>
        <IsTaxExempt>false</IsTaxExempt>
        <Name>INSS 6.25%</Name>
        <Parent_Tax_ID reference="id"/>
        <Rate>6.25</Rate>
        <RequiresTaxCertificate>false</RequiresTaxCertificate>
        <SOPOType>B</SOPOType>
        <TaxIndicator/>
        <To_Country_ID reference="id">263</To_Country_ID>
        <To_Region_ID reference="id"/>
        <ValidFrom>2006-01-01 00:00:00.0</ValidFrom>
        <C_Tax_Trl type="translation">
            <Description/>
            <Name>INSS 6.25%</Name>
            <TaxIndicator/>
            <AD_Language>es_CO</AD_Language>
            <IsActive>true</IsActive>
            <IsTranslated>false</IsTranslated>
        </C_Tax_Trl>
    </C_Tax>
    <C_Tax type="table">
        <AD_Org_ID>0</AD_Org_ID>
        <AD_Rule_ID reference="id"/>
        <C_Country_ID reference="id">263</C_Country_ID>
        <C_Region_ID reference="id"/>
        <C_TaxCategory_ID reference="uuid" reference-key="C_TaxCategory">db001416-0890-41d7-903f-eb02fc99fe5c</C_TaxCategory_ID>
        <C_TaxProvider_ID reference="id"/>
        <C_Tax_UU>dc565d5c-8a3a-4ac1-8358-f0b0b075198f</C_Tax_UU>
        <Description/>
        <IsActive>true</IsActive>
        <IsDefault>false</IsDefault>
        <IsDocumentLevel>false</IsDocumentLevel>
        <IsSalesTax>false</IsSalesTax>
        <IsSummary>false</IsSummary>
        <IsTaxExempt>false</IsTaxExempt>
        <Name>Retención 1%</Name>
        <Parent_Tax_ID reference="id"/>
        <Rate>1.00</Rate>
        <RequiresTaxCertificate>false</RequiresTaxCertificate>
        <SOPOType>B</SOPOType>
        <TaxIndicator/>
        <To_Country_ID reference="id">263</To_Country_ID>
        <To_Region_ID reference="id"/>
        <ValidFrom>2006-01-01 00:00:00.0</ValidFrom>
        <C_Tax_Trl type="translation">
            <Description/>
            <Name>Retención 1%</Name>
            <TaxIndicator/>
            <AD_Language>es_CO</AD_Language>
            <IsActive>true</IsActive>
            <IsTranslated>false</IsTranslated>
        </C_Tax_Trl>
    </C_Tax>
    <C_Tax type="table">
        <AD_Org_ID>0</AD_Org_ID>
        <AD_Rule_ID reference="id"/>
        <C_Country_ID reference="id">263</C_Country_ID>
        <C_Region_ID reference="id"/>
        <C_TaxCategory_ID reference="uuid" reference-key="C_TaxCategory">0175e447-8cf6-49dc-9458-50ea87558b7f</C_TaxCategory_ID>
        <C_TaxProvider_ID reference="id"/>
        <C_Tax_UU>c5a24fe8-78c4-4342-8aa5-eff47464ce3d</C_Tax_UU>
        <Description/>
        <IsActive>true</IsActive>
        <IsDefault>false</IsDefault>
        <IsDocumentLevel>false</IsDocumentLevel>
        <IsSalesTax>false</IsSalesTax>
        <IsSummary>false</IsSummary>
        <IsTaxExempt>false</IsTaxExempt>
        <Name>Retención 2%</Name>
        <Parent_Tax_ID reference="id"/>
        <Rate>2.00</Rate>
        <RequiresTaxCertificate>false</RequiresTaxCertificate>
        <SOPOType>B</SOPOType>
        <TaxIndicator/>
        <To_Country_ID reference="id">263</To_Country_ID>
        <To_Region_ID reference="id"/>
        <ValidFrom>2006-01-01 00:00:00.0</ValidFrom>
        <C_Tax_Trl type="translation">
            <Description/>
            <Name>Retención 2%</Name>
            <TaxIndicator/>
            <AD_Language>es_CO</AD_Language>
            <IsActive>true</IsActive>
            <IsTranslated>false</IsTranslated>
        </C_Tax_Trl>
    </C_Tax>
    <C_Tax type="table">
        <AD_Org_ID>0</AD_Org_ID>
        <AD_Rule_ID reference="id"/>
        <C_Country_ID reference="id">263</C_Country_ID>
        <C_Region_ID reference="id"/>
        <C_TaxCategory_ID reference="uuid" reference-key="C_TaxCategory">0175e447-8cf6-49dc-9458-50ea87558b7f</C_TaxCategory_ID>
        <C_TaxProvider_ID reference="id"/>
        <C_Tax_UU>40cda6b5-7f05-4f3a-ac44-23e7f6fed4d6</C_Tax_UU>
        <Description/>
        <IsActive>true</IsActive>
        <IsDefault>false</IsDefault>
        <IsDocumentLevel>false</IsDocumentLevel>
        <IsSalesTax>false</IsSalesTax>
        <IsSummary>false</IsSummary>
        <IsTaxExempt>false</IsTaxExempt>
        <Name>Retención 7%</Name>
        <Parent_Tax_ID reference="id"/>
        <Rate>7</Rate>
        <RequiresTaxCertificate>false</RequiresTaxCertificate>
        <SOPOType>B</SOPOType>
        <TaxIndicator/>
        <To_Country_ID reference="id">263</To_Country_ID>
        <To_Region_ID reference="id"/>
        <ValidFrom>2006-01-01 00:00:00.0</ValidFrom>
        <C_Tax_Trl type="translation">
            <Description/>
            <Name>Retención 7%</Name>
            <TaxIndicator/>
            <AD_Language>es_CO</AD_Language>
            <IsActive>true</IsActive>
            <IsTranslated>false</IsTranslated>
        </C_Tax_Trl>
    </C_Tax>
    <C_Tax type="table">
        <AD_Org_ID>0</AD_Org_ID>
        <AD_Rule_ID reference="id"/>
        <C_Country_ID reference="id">263</C_Country_ID>
        <C_Region_ID reference="id"/>
        <C_TaxCategory_ID reference="uuid" reference-key="C_TaxCategory">0175e447-8cf6-49dc-9458-50ea87558b7f</C_TaxCategory_ID>
        <C_TaxProvider_ID reference="id"/>
        <C_Tax_UU>2957f8f3-e652-4b60-a6bc-a0833bbd9cfb</C_Tax_UU>
        <Description/>
        <IsActive>true</IsActive>
        <IsDefault>false</IsDefault>
        <IsDocumentLevel>false</IsDocumentLevel>
        <IsSalesTax>false</IsSalesTax>
        <IsSummary>false</IsSummary>
        <IsTaxExempt>false</IsTaxExempt>
        <Name>Retención 10%</Name>
        <Parent_Tax_ID reference="id"/>
        <Rate>10.00</Rate>
        <RequiresTaxCertificate>false</RequiresTaxCertificate>
        <SOPOType>B</SOPOType>
        <TaxIndicator/>
        <To_Country_ID reference="id">263</To_Country_ID>
        <To_Region_ID reference="id"/>
        <ValidFrom>2006-01-01 00:00:00.0</ValidFrom>
        <C_Tax_Trl type="translation">
            <Description/>
            <Name>Retención 10%</Name>
            <TaxIndicator/>
            <AD_Language>es_CO</AD_Language>
            <IsActive>true</IsActive>
            <IsTranslated>false</IsTranslated>
        </C_Tax_Trl>
    </C_Tax>
    <C_Tax type="table">
        <AD_Org_ID>0</AD_Org_ID>
        <AD_Rule_ID reference="id"/>
        <C_Country_ID reference="id">263</C_Country_ID>
        <C_Region_ID reference="id"/>
        <C_TaxCategory_ID reference="uuid" reference-key="C_TaxCategory">0175e447-8cf6-49dc-9458-50ea87558b7f</C_TaxCategory_ID>
        <C_TaxProvider_ID reference="id"/>
        <C_Tax_UU>1841650d-11c7-49a8-a8ea-d3c6b2761079</C_Tax_UU>
        <Description/>
        <IsActive>true</IsActive>
        <IsDefault>false</IsDefault>
        <IsDocumentLevel>false</IsDocumentLevel>
        <IsSalesTax>false</IsSalesTax>
        <IsSummary>false</IsSummary>
        <IsTaxExempt>false</IsTaxExempt>
        <Name>Retención 15%</Name>
        <Parent_Tax_ID reference="id"/>
        <Rate>15.00</Rate>
        <RequiresTaxCertificate>false</RequiresTaxCertificate>
        <SOPOType>B</SOPOType>
        <TaxIndicator/>
        <To_Country_ID reference="id">263</To_Country_ID>
        <To_Region_ID reference="id"/>
        <ValidFrom>2006-01-01 00:00:00.0</ValidFrom>
        <C_Tax_Trl type="translation">
            <Description/>
            <Name>Retención 15%</Name>
            <TaxIndicator/>
            <AD_Language>es_CO</AD_Language>
            <IsActive>true</IsActive>
            <IsTranslated>false</IsTranslated>
        </C_Tax_Trl>
    </C_Tax>
    <C_Tax type="table">
        <AD_Org_ID>0</AD_Org_ID>
        <AD_Rule_ID reference="id"/>
        <C_Country_ID reference="id">263</C_Country_ID>
        <C_Region_ID reference="id"/>
        <C_TaxCategory_ID reference="uuid" reference-key="C_TaxCategory">0175e447-8cf6-49dc-9458-50ea87558b7f</C_TaxCategory_ID>
        <C_TaxProvider_ID reference="id"/>
        <C_Tax_UU>58f27f08-8d2d-4919-9efb-14bbad982723</C_Tax_UU>
        <Description/>
        <IsActive>true</IsActive>
        <IsDefault>false</IsDefault>
        <IsDocumentLevel>false</IsDocumentLevel>
        <IsSalesTax>false</IsSalesTax>
        <IsSummary>false</IsSummary>
        <IsTaxExempt>false</IsTaxExempt>
        <Name>Retención 20%</Name>
        <Parent_Tax_ID reference="id"/>
        <Rate>20.00</Rate>
        <RequiresTaxCertificate>false</RequiresTaxCertificate>
        <SOPOType>B</SOPOType>
        <TaxIndicator/>
        <To_Country_ID reference="id">263</To_Country_ID>
        <To_Region_ID reference="id"/>
        <ValidFrom>2006-01-01 00:00:00.0</ValidFrom>
        <C_Tax_Trl type="translation">
            <Description/>
            <Name>Retención 20%</Name>
            <TaxIndicator/>
            <AD_Language>es_CO</AD_Language>
            <IsActive>true</IsActive>
            <IsTranslated>false</IsTranslated>
        </C_Tax_Trl>
    </C_Tax>
    <LCO_TaxPayerType type="table">
        <AD_Org_ID>0</AD_Org_ID>
        <Description/>
        <IsDefault>false</IsDefault>
        <IsActive>true</IsActive>
        <Name>Grandes Contribuyentes</Name>
        <LCO_TaxPayerType_UU>3b9e30c0-fda5-471a-812a-15a7568fdfba</LCO_TaxPayerType_UU>
    </LCO_TaxPayerType>
    <LCO_TaxPayerType type="table">
        <AD_Org_ID>0</AD_Org_ID>
        <Description/>
        <IsDefault>false</IsDefault>
        <IsActive>true</IsActive>
        <Name>Regimen General</Name>
        <LCO_TaxPayerType_UU>6ab6a41a-25f5-4f97-9f8e-f1e6a7a761f7</LCO_TaxPayerType_UU>
    </LCO_TaxPayerType>
    <LCO_TaxPayerType type="table">
        <AD_Org_ID>0</AD_Org_ID>
        <Description/>
        <IsDefault>false</IsDefault>
        <IsActive>true</IsActive>
        <Name>Regimen de Zonas Francas</Name>
        <LCO_TaxPayerType_UU>9eee6ac8-77cd-4ba7-bb79-d2d59a6be4a4</LCO_TaxPayerType_UU>
    </LCO_TaxPayerType>
    <LCO_TaxPayerType type="table">
        <AD_Org_ID>0</AD_Org_ID>
        <Description/>
        <IsDefault>true</IsDefault>
        <IsActive>true</IsActive>
        <Name>Regimen Cuota Fija</Name>
        <LCO_TaxPayerType_UU>cc6c8a70-8d53-41f3-bed3-59e37667b825</LCO_TaxPayerType_UU>
    </LCO_TaxPayerType>
    <LCO_WithholdingCategory type="table">
        <AD_Org_ID>0</AD_Org_ID>
        <Description>Bienes y Servicios Generales</Description>
        <IsDefault>false</IsDefault>
        <IsActive>true</IsActive>
        <Name>Retenciones Generales 2%</Name>
        <LCO_WithholdingCategory_UU>e31107a6-58a8-4961-9210-62fd181ab496</LCO_WithholdingCategory_UU>
    </LCO_WithholdingCategory>
    <LCO_WithholdingCategory type="table">
        <AD_Org_ID>0</AD_Org_ID>
        <Description>Servicios Profesionales Prestados por Personas Naturales</Description>
        <IsDefault>false</IsDefault>
        <IsActive>true</IsActive>
        <Name>Retenciones IR 10%</Name>
        <LCO_WithholdingCategory_UU>9d97ea0e-c3e5-472c-a333-4e1798462df5</LCO_WithholdingCategory_UU>
    </LCO_WithholdingCategory>
    <LCO_WithholdingCategory type="table">
        <AD_Org_ID>0</AD_Org_ID>
        <Description>Arrendamiento - Otras Retenciones</Description>
        <IsDefault>false</IsDefault>
        <IsActive>true</IsActive>
        <Name>Retenciones IR 7%</Name>
        <LCO_WithholdingCategory_UU>36e2e3a3-87eb-49e2-a88c-6da1be1e7dd0</LCO_WithholdingCategory_UU>
    </LCO_WithholdingCategory>
    <LCO_WithholdingCategory type="table">
        <AD_Org_ID>0</AD_Org_ID>
        <Description>Servicios Prestamos por Personas Juridicas del Exterior</Description>
        <IsDefault>false</IsDefault>
        <IsActive>true</IsActive>
        <Name>Retenciones IR 15%</Name>
        <LCO_WithholdingCategory_UU>d54e8360-c8f2-40f5-9813-0363f56205e8</LCO_WithholdingCategory_UU>
    </LCO_WithholdingCategory>
    <LCO_WithholdingCategory type="table">
        <AD_Org_ID>0</AD_Org_ID>
        <Description>Servicios Prestamos por Personas Naturales del Exterior via Nomina</Description>
        <IsDefault>false</IsDefault>
        <IsActive>true</IsActive>
        <Name>Retenciones IR 20%</Name>
        <LCO_WithholdingCategory_UU>c96548f6-9a1e-46e3-b090-397e632966a8</LCO_WithholdingCategory_UU>
    </LCO_WithholdingCategory>
    <LCO_WithholdingType type="table">
        <AD_Org_ID>0</AD_Org_ID>
        <Counter/>
        <IsActive>true</IsActive>
        <IsSOTrx>True</IsSOTrx>
        <Description/>
        <Name>Retenciones IR-IMI</Name>
        <LCO_WithholdingType_UU>4cbc555d-97ba-4bfa-b15d-b358f46db5c1</LCO_WithholdingType_UU>
    </LCO_WithholdingType>
    <LCO_WithholdingType type="table">
        <AD_Org_ID>0</AD_Org_ID>
        <Counter/>
        <IsActive>true</IsActive>
        <IsSOTrx>false</IsSOTrx>
        <Description/>
        <Name>Retenciones por Servicio 7%</Name>
        <LCO_WithholdingType_UU>3f06fd8e-9750-4e71-8b18-d41b43d9e3e9</LCO_WithholdingType_UU>
    </LCO_WithholdingType>
    <LCO_WithholdingType type="table">
        <AD_Org_ID>0</AD_Org_ID>
        <Counter/>
        <IsActive>true</IsActive>
        <IsSOTrx>false</IsSOTrx>
        <Description/>
        <Name>Retenciones por Servicio 10%</Name>
        <LCO_WithholdingType_UU>b3b6e1a9-7cb7-4c3f-85d9-f7140e5c9bbe</LCO_WithholdingType_UU>
    </LCO_WithholdingType>
    <LCO_WithholdingType type="table">
        <AD_Org_ID>0</AD_Org_ID>
        <Counter/>
        <IsActive>true</IsActive>
        <IsSOTrx>false</IsSOTrx>
        <Description/>
        <Name>Retenciones por Servicio 15%</Name>
        <LCO_WithholdingType_UU>d4df0b1a-bbc6-4532-ba71-4d3b26f91674</LCO_WithholdingType_UU>
    </LCO_WithholdingType>
    <LCO_WithholdingType type="table">
        <AD_Org_ID>0</AD_Org_ID>
        <Counter/>
        <IsActive>true</IsActive>
        <IsSOTrx>false</IsSOTrx>
        <Description/>
        <Name>Retenciones Laborales 6.25%</Name>
        <LCO_WithholdingType_UU>4e97c143-ed45-47dc-9491-d9c42edda798</LCO_WithholdingType_UU>
    </LCO_WithholdingType>
    <LCO_WithholdingType type="table">
        <AD_Org_ID>0</AD_Org_ID>
        <Counter/>
        <IsActive>true</IsActive>
        <IsSOTrx>false</IsSOTrx>
        <Description/>
        <Name>Retenciones IR 10% - INSS 6.25%</Name>
        <LCO_WithholdingType_UU>e43674aa-9573-49a7-8725-3a2e120a84f7</LCO_WithholdingType_UU>
    </LCO_WithholdingType>
    <LCO_WithholdingRuleConf type="table">
        <AD_Org_ID>0</AD_Org_ID>
        <IsActive>true</IsActive>
        <IsUseBPISIC>false</IsUseBPISIC>
        <IsUseOrgISIC>false</IsUseOrgISIC>
        <IsUseOrgTaxPayerType>true</IsUseOrgTaxPayerType>
        <IsUseWithholdingCategory>false</IsUseWithholdingCategory>
        <IsUseProductTaxCategory>false</IsUseProductTaxCategory>
        <LCO_WithholdingType_ID reference="uuid" reference-key="LCO_WithholdingType">4cbc555d-97ba-4bfa-b15d-b358f46db5c1</LCO_WithholdingType_ID>
        <IsUseBPTaxPayerType>true</IsUseBPTaxPayerType>
        <IsUseBPCity>false</IsUseBPCity>
        <IsUseOrgCity>false</IsUseOrgCity>
        <LCO_WithholdingRuleConf_UU>f5c2b477-23ac-4c6d-a73f-4136895fc9bc</LCO_WithholdingRuleConf_UU>
    </LCO_WithholdingRuleConf>
    <LCO_WithholdingRuleConf type="table">
        <AD_Org_ID>0</AD_Org_ID>
        <IsActive>true</IsActive>
        <IsUseBPISIC>false</IsUseBPISIC>
        <IsUseOrgISIC>true</IsUseOrgISIC>
        <IsUseOrgTaxPayerType>true</IsUseOrgTaxPayerType>
        <IsUseWithholdingCategory>false</IsUseWithholdingCategory>
        <IsUseProductTaxCategory>false</IsUseProductTaxCategory>
        <LCO_WithholdingType_ID reference="uuid" reference-key="LCO_WithholdingType">3f06fd8e-9750-4e71-8b18-d41b43d9e3e9</LCO_WithholdingType_ID>
        <IsUseBPTaxPayerType>true</IsUseBPTaxPayerType>
        <IsUseBPCity>false</IsUseBPCity>
        <IsUseOrgCity>false</IsUseOrgCity>
        <LCO_WithholdingRuleConf_UU>5fdab53d-c9ad-41ab-998e-b193cd29f8cf</LCO_WithholdingRuleConf_UU>
    </LCO_WithholdingRuleConf>
    <LCO_WithholdingRuleConf type="table">
        <AD_Org_ID>0</AD_Org_ID>
        <IsActive>true</IsActive>
        <IsUseBPISIC>false</IsUseBPISIC>
        <IsUseOrgISIC>false</IsUseOrgISIC>
        <IsUseOrgTaxPayerType>true</IsUseOrgTaxPayerType>
        <IsUseWithholdingCategory>true</IsUseWithholdingCategory>
        <IsUseProductTaxCategory>false</IsUseProductTaxCategory>
        <LCO_WithholdingType_ID reference="uuid" reference-key="LCO_WithholdingType">b3b6e1a9-7cb7-4c3f-85d9-f7140e5c9bbe</LCO_WithholdingType_ID>
        <IsUseBPTaxPayerType>true</IsUseBPTaxPayerType>
        <IsUseBPCity>false</IsUseBPCity>
        <IsUseOrgCity>false</IsUseOrgCity>
        <LCO_WithholdingRuleConf_UU>00ad7a22-7c7a-46f2-9bb1-49074e39eb73</LCO_WithholdingRuleConf_UU>
    </LCO_WithholdingRuleConf>
    <LCO_WithholdingRuleConf type="table">
        <AD_Org_ID>0</AD_Org_ID>
        <IsActive>true</IsActive>
        <IsUseBPISIC>false</IsUseBPISIC>
        <IsUseOrgISIC>false</IsUseOrgISIC>
        <IsUseOrgTaxPayerType>true</IsUseOrgTaxPayerType>
        <IsUseWithholdingCategory>false</IsUseWithholdingCategory>
        <IsUseProductTaxCategory>false</IsUseProductTaxCategory>
        <LCO_WithholdingType_ID reference="uuid" reference-key="LCO_WithholdingType">d4df0b1a-bbc6-4532-ba71-4d3b26f91674</LCO_WithholdingType_ID>
        <IsUseBPTaxPayerType>true</IsUseBPTaxPayerType>
        <IsUseBPCity>false</IsUseBPCity>
        <IsUseOrgCity>false</IsUseOrgCity>
        <LCO_WithholdingRuleConf_UU>f261f35d-db5f-4fb5-a23a-e4043627e027</LCO_WithholdingRuleConf_UU>
    </LCO_WithholdingRuleConf>
    <LCO_WithholdingRuleConf type="table">
        <AD_Org_ID>0</AD_Org_ID>
        <IsActive>true</IsActive>
        <IsUseBPISIC>true</IsUseBPISIC>
        <IsUseOrgISIC>false</IsUseOrgISIC>
        <IsUseOrgTaxPayerType>true</IsUseOrgTaxPayerType>
        <IsUseWithholdingCategory>false</IsUseWithholdingCategory>
        <IsUseProductTaxCategory>false</IsUseProductTaxCategory>
        <LCO_WithholdingType_ID reference="uuid" reference-key="LCO_WithholdingType">4e97c143-ed45-47dc-9491-d9c42edda798</LCO_WithholdingType_ID>
        <IsUseBPTaxPayerType>true</IsUseBPTaxPayerType>
        <IsUseBPCity>false</IsUseBPCity>
        <IsUseOrgCity>false</IsUseOrgCity>
        <LCO_WithholdingRuleConf_UU>37b5d0e6-c7db-4415-adc7-23edb1cb2469</LCO_WithholdingRuleConf_UU>
    </LCO_WithholdingRuleConf>
    <LCO_WithholdingRuleConf type="table">
        <AD_Org_ID>0</AD_Org_ID>
        <IsActive>true</IsActive>
        <IsUseBPISIC>false</IsUseBPISIC>
        <IsUseOrgISIC>false</IsUseOrgISIC>
        <IsUseOrgTaxPayerType>true</IsUseOrgTaxPayerType>
        <IsUseWithholdingCategory>true</IsUseWithholdingCategory>
        <IsUseProductTaxCategory>false</IsUseProductTaxCategory>
        <LCO_WithholdingType_ID reference="uuid" reference-key="LCO_WithholdingType">e43674aa-9573-49a7-8725-3a2e120a84f7</LCO_WithholdingType_ID>
        <IsUseBPTaxPayerType>true</IsUseBPTaxPayerType>
        <IsUseBPCity>false</IsUseBPCity>
        <IsUseOrgCity>false</IsUseOrgCity>
        <LCO_WithholdingRuleConf_UU>6944ecfe-bcc4-47c9-9697-5851ff8027d4</LCO_WithholdingRuleConf_UU>
    </LCO_WithholdingRuleConf>
    <LCO_WithholdingCalc type="table">
        <AD_Org_ID>0</AD_Org_ID>
        <AmountRefunded>0</AmountRefunded>
        <BaseType>D</BaseType>
        <C_BaseTax_ID reference="id"/>
        <C_Tax_ID reference="uuid" reference-key="C_Tax">c5a24fe8-78c4-4342-8aa5-eff47464ce3d</C_Tax_ID>
        <Description/>
        <IsActive>true</IsActive>
        <IsCalcOnInvoice>true</IsCalcOnInvoice>
        <IsCalcOnPayment>false</IsCalcOnPayment>
        <IsModifiableOnPayment>false</IsModifiableOnPayment>
        <LCO_WithholdingCalc_UU>9932d96c-d899-4380-98ce-4cf802a242b7</LCO_WithholdingCalc_UU>
        <LCO_WithholdingType_ID reference="uuid" reference-key="LCO_WithholdingType">4cbc555d-97ba-4bfa-b15d-b358f46db5c1</LCO_WithholdingType_ID>
        <Name>Retención 2%</Name>
        <ThresholdMax>0</ThresholdMax>
        <Thresholdmin>1000</Thresholdmin>
    </LCO_WithholdingCalc>
    <LCO_WithholdingCalc type="table">
        <AD_Org_ID>0</AD_Org_ID>
        <AmountRefunded>0</AmountRefunded>
        <BaseType>D</BaseType>
        <C_BaseTax_ID reference="id"/>
        <C_Tax_ID reference="uuid" reference-key="C_Tax">dc565d5c-8a3a-4ac1-8358-f0b0b075198f</C_Tax_ID>
        <Description/>
        <IsActive>true</IsActive>
        <IsCalcOnInvoice>true</IsCalcOnInvoice>
        <IsCalcOnPayment>false</IsCalcOnPayment>
        <IsModifiableOnPayment>false</IsModifiableOnPayment>
        <LCO_WithholdingCalc_UU>3087d90c-7a75-46ad-b0e1-42b370ec130e</LCO_WithholdingCalc_UU>
        <LCO_WithholdingType_ID reference="uuid" reference-key="LCO_WithholdingType">4cbc555d-97ba-4bfa-b15d-b358f46db5c1</LCO_WithholdingType_ID>
        <Name>Retención 1%</Name>
        <ThresholdMax>0</ThresholdMax>
        <Thresholdmin>0</Thresholdmin>
    </LCO_WithholdingCalc>
    <LCO_WithholdingCalc type="table">
        <AD_Org_ID>0</AD_Org_ID>
        <AmountRefunded>0</AmountRefunded>
        <BaseType>D</BaseType>
        <C_BaseTax_ID reference="id"/>
        <C_Tax_ID reference="uuid" reference-key="C_Tax">1841650d-11c7-49a8-a8ea-d3c6b2761079</C_Tax_ID>
        <Description/>
        <IsActive>true</IsActive>
        <IsCalcOnInvoice>false</IsCalcOnInvoice>
        <IsCalcOnPayment>true</IsCalcOnPayment>
        <IsModifiableOnPayment>false</IsModifiableOnPayment>
        <LCO_WithholdingCalc_UU>af9cdaff-81c6-4d9a-aac8-d3e3e292e2f1</LCO_WithholdingCalc_UU>
        <LCO_WithholdingType_ID reference="uuid" reference-key="LCO_WithholdingType">d4df0b1a-bbc6-4532-ba71-4d3b26f91674</LCO_WithholdingType_ID>
        <Name>Retención 15%</Name>
        <ThresholdMax>0</ThresholdMax>
        <Thresholdmin>0</Thresholdmin>
    </LCO_WithholdingCalc>
    <LCO_WithholdingCalc type="table">
        <AD_Org_ID>0</AD_Org_ID>
        <AmountRefunded>0</AmountRefunded>
        <BaseType>D</BaseType>
        <C_BaseTax_ID reference="id"/>
        <C_Tax_ID reference="uuid" reference-key="C_Tax">a6af81a5-e7d1-4fa2-b5c4-3d7cb1e5db7a</C_Tax_ID>
        <Description/>
        <IsActive>true</IsActive>
        <IsCalcOnInvoice>true</IsCalcOnInvoice>
        <IsCalcOnPayment>false</IsCalcOnPayment>
        <IsModifiableOnPayment>false</IsModifiableOnPayment>
        <LCO_WithholdingCalc_UU>3e0c4cc2-57c7-4643-9ee4-a422d24ffcc4</LCO_WithholdingCalc_UU>
        <LCO_WithholdingType_ID reference="uuid" reference-key="LCO_WithholdingType">4e97c143-ed45-47dc-9491-d9c42edda798</LCO_WithholdingType_ID>
        <Name>Retención INSS 6.25%</Name>
        <ThresholdMax>0</ThresholdMax>
        <Thresholdmin>0</Thresholdmin>
    </LCO_WithholdingCalc>
    <LCO_WithholdingCalc type="table">
        <AD_Org_ID>0</AD_Org_ID>
        <AmountRefunded>0</AmountRefunded>
        <BaseType>D</BaseType>
        <C_BaseTax_ID reference="id"/>
        <C_Tax_ID reference="uuid" reference-key="C_Tax">2957f8f3-e652-4b60-a6bc-a0833bbd9cfb</C_Tax_ID>
        <Description/>
        <IsActive>true</IsActive>
        <IsCalcOnInvoice>true</IsCalcOnInvoice>
        <IsCalcOnPayment>false</IsCalcOnPayment>
        <IsModifiableOnPayment>false</IsModifiableOnPayment>
        <LCO_WithholdingCalc_UU>70ab8bcf-7b28-4daa-99a3-5e49af830bfa</LCO_WithholdingCalc_UU>
        <LCO_WithholdingType_ID reference="uuid" reference-key="LCO_WithholdingType">b3b6e1a9-7cb7-4c3f-85d9-f7140e5c9bbe</LCO_WithholdingType_ID>
        <Name>Retención IR 10%</Name>
        <ThresholdMax>0</ThresholdMax>
        <Thresholdmin>0</Thresholdmin>
    </LCO_WithholdingCalc>
    <LCO_WithholdingCalc type="table">
        <AD_Org_ID>0</AD_Org_ID>
        <AmountRefunded>0</AmountRefunded>
        <BaseType>D</BaseType>
        <C_BaseTax_ID reference="id"/>
        <C_Tax_ID reference="uuid" reference-key="C_Tax">40cda6b5-7f05-4f3a-ac44-23e7f6fed4d6</C_Tax_ID>
        <Description/>
        <IsActive>true</IsActive>
        <IsCalcOnInvoice>false</IsCalcOnInvoice>
        <IsCalcOnPayment>true</IsCalcOnPayment>
        <IsModifiableOnPayment>false</IsModifiableOnPayment>
        <LCO_WithholdingCalc_UU>969800ad-00bd-47e0-a3dc-1c5fe46a0d8d</LCO_WithholdingCalc_UU>
        <LCO_WithholdingType_ID reference="uuid" reference-key="LCO_WithholdingType">3f06fd8e-9750-4e71-8b18-d41b43d9e3e9</LCO_WithholdingType_ID>
        <Name>Retención IR 7%</Name>
        <ThresholdMax>0</ThresholdMax>
        <Thresholdmin>0</Thresholdmin>
    </LCO_WithholdingCalc>
    <LCO_WithholdingRule type="table">
        <AD_Org_ID>0</AD_Org_ID>
        <C_TaxCategory_ID reference="uuid" reference-key="C_TaxCategory">0175e447-8cf6-49dc-9458-50ea87558b7f</C_TaxCategory_ID>
        <Description/>
        <IsActive>true</IsActive>
        <IsDefault>false</IsDefault>
        <IsUseBPCity>false</IsUseBPCity>
        <IsUseBPISIC>false</IsUseBPISIC>
        <IsUseBPTaxPayerType>false</IsUseBPTaxPayerType>
        <IsUseOrgCity>false</IsUseOrgCity>
        <IsUseOrgISIC>false</IsUseOrgISIC>
        <IsUseOrgTaxPayerType>false</IsUseOrgTaxPayerType>
        <IsUseProductTaxCategory>false</IsUseProductTaxCategory>
        <IsUseWithholdingCategory>false</IsUseWithholdingCategory>
        <LCO_BP_City_ID reference="id"/>
        <LCO_BP_ISIC_ID reference="id"/>
        <LCO_BP_TaxPayerType_ID reference="uuid" reference-key="LCO_TaxPayerType">6ab6a41a-25f5-4f97-9f8e-f1e6a7a761f7</LCO_BP_TaxPayerType_ID>
        <LCO_Org_City_ID reference="id"/>
        <LCO_Org_ISIC_ID reference="id"/>
        <LCO_Org_TaxPayerType_ID reference="uuid" reference-key="LCO_TaxPayerType">6ab6a41a-25f5-4f97-9f8e-f1e6a7a761f7</LCO_Org_TaxPayerType_ID>
        <LCO_WithholdingCalc_ID reference="uuid" reference-key="LCO_WithholdingCalc">9932d96c-d899-4380-98ce-4cf802a242b7</LCO_WithholdingCalc_ID>
        <LCO_WithholdingCategory_ID reference="id"/>
        <LCO_WithholdingRule_UU>816bbde5-a7f9-4567-91c4-e6c74179c467</LCO_WithholdingRule_UU>
        <LCO_WithholdingType_ID reference="uuid" reference-key="LCO_WithholdingType">4cbc555d-97ba-4bfa-b15d-b358f46db5c1</LCO_WithholdingType_ID>
        <Name>Retención 2%</Name>
        <ValidFrom>2014-01-01 00:00:00.0</ValidFrom>
    </LCO_WithholdingRule>
    <LCO_WithholdingRule type="table">
        <AD_Org_ID>0</AD_Org_ID>
        <C_TaxCategory_ID reference="uuid" reference-key="C_TaxCategory">db001416-0890-41d7-903f-eb02fc99fe5c</C_TaxCategory_ID>
        <Description/>
        <IsActive>true</IsActive>
        <IsDefault>false</IsDefault>
        <IsUseBPCity>false</IsUseBPCity>
        <IsUseBPISIC>false</IsUseBPISIC>
        <IsUseBPTaxPayerType>false</IsUseBPTaxPayerType>
        <IsUseOrgCity>false</IsUseOrgCity>
        <IsUseOrgISIC>false</IsUseOrgISIC>
        <IsUseOrgTaxPayerType>false</IsUseOrgTaxPayerType>
        <IsUseProductTaxCategory>false</IsUseProductTaxCategory>
        <IsUseWithholdingCategory>false</IsUseWithholdingCategory>
        <LCO_BP_City_ID reference="id"/>
        <LCO_BP_ISIC_ID reference="id"/>
        <LCO_BP_TaxPayerType_ID reference="uuid" reference-key="LCO_TaxPayerType">6ab6a41a-25f5-4f97-9f8e-f1e6a7a761f7</LCO_BP_TaxPayerType_ID>
        <LCO_Org_City_ID reference="id"/>
        <LCO_Org_ISIC_ID reference="id"/>
        <LCO_Org_TaxPayerType_ID reference="uuid" reference-key="LCO_TaxPayerType">6ab6a41a-25f5-4f97-9f8e-f1e6a7a761f7</LCO_Org_TaxPayerType_ID>
        <LCO_WithholdingCalc_ID reference="uuid" reference-key="LCO_WithholdingCalc">3087d90c-7a75-46ad-b0e1-42b370ec130e</LCO_WithholdingCalc_ID>
        <LCO_WithholdingCategory_ID reference="id"/>
        <LCO_WithholdingRule_UU>ad746b29-8293-413d-94aa-bad1be127844</LCO_WithholdingRule_UU>
        <LCO_WithholdingType_ID reference="uuid" reference-key="LCO_WithholdingType">4cbc555d-97ba-4bfa-b15d-b358f46db5c1</LCO_WithholdingType_ID>
        <Name>Retención 1%</Name>
        <ValidFrom>2014-01-01 00:00:00.0</ValidFrom>
    </LCO_WithholdingRule>
    <LCO_WithholdingRule type="table">
        <AD_Org_ID>0</AD_Org_ID>
        <C_TaxCategory_ID reference="uuid" reference-key="C_TaxCategory">0175e447-8cf6-49dc-9458-50ea87558b7f</C_TaxCategory_ID>
        <Description/>
        <IsActive>true</IsActive>
        <IsDefault>false</IsDefault>
        <IsUseBPCity>false</IsUseBPCity>
        <IsUseBPISIC>false</IsUseBPISIC>
        <IsUseBPTaxPayerType>false</IsUseBPTaxPayerType>
        <IsUseOrgCity>false</IsUseOrgCity>
        <IsUseOrgISIC>false</IsUseOrgISIC>
        <IsUseOrgTaxPayerType>false</IsUseOrgTaxPayerType>
        <IsUseProductTaxCategory>false</IsUseProductTaxCategory>
        <IsUseWithholdingCategory>false</IsUseWithholdingCategory>
        <LCO_BP_City_ID reference="id"/>
        <LCO_BP_ISIC_ID reference="id"/>
        <LCO_BP_TaxPayerType_ID reference="uuid" reference-key="LCO_TaxPayerType">6ab6a41a-25f5-4f97-9f8e-f1e6a7a761f7</LCO_BP_TaxPayerType_ID>
        <LCO_Org_City_ID reference="id"/>
        <LCO_Org_ISIC_ID reference="id"/>
        <LCO_Org_TaxPayerType_ID reference="uuid" reference-key="LCO_TaxPayerType">6ab6a41a-25f5-4f97-9f8e-f1e6a7a761f7</LCO_Org_TaxPayerType_ID>
        <LCO_WithholdingCalc_ID reference="uuid" reference-key="LCO_WithholdingCalc">af9cdaff-81c6-4d9a-aac8-d3e3e292e2f1</LCO_WithholdingCalc_ID>
        <LCO_WithholdingCategory_ID reference="id"/>
        <LCO_WithholdingRule_UU>ef18eca3-e6d3-4dbe-ba5e-57780452f966</LCO_WithholdingRule_UU>
        <LCO_WithholdingType_ID reference="uuid" reference-key="LCO_WithholdingType">d4df0b1a-bbc6-4532-ba71-4d3b26f91674</LCO_WithholdingType_ID>
        <Name>Retención 15%</Name>
        <ValidFrom>2014-01-01 00:00:00.0</ValidFrom>
    </LCO_WithholdingRule>
    <LCO_WithholdingRule type="table">
        <AD_Org_ID>0</AD_Org_ID>
        <C_TaxCategory_ID reference="uuid" reference-key="C_TaxCategory">4ef3e009-c99f-4fa2-96de-927aaa85f626</C_TaxCategory_ID>
        <Description/>
        <IsActive>true</IsActive>
        <IsDefault>false</IsDefault>
        <IsUseBPCity>false</IsUseBPCity>
        <IsUseBPISIC>false</IsUseBPISIC>
        <IsUseBPTaxPayerType>false</IsUseBPTaxPayerType>
        <IsUseOrgCity>false</IsUseOrgCity>
        <IsUseOrgISIC>false</IsUseOrgISIC>
        <IsUseOrgTaxPayerType>false</IsUseOrgTaxPayerType>
        <IsUseProductTaxCategory>false</IsUseProductTaxCategory>
        <IsUseWithholdingCategory>false</IsUseWithholdingCategory>
        <LCO_BP_City_ID reference="id"/>
        <LCO_BP_ISIC_ID reference="id"/>
        <LCO_BP_TaxPayerType_ID reference="uuid" reference-key="LCO_TaxPayerType">6ab6a41a-25f5-4f97-9f8e-f1e6a7a761f7</LCO_BP_TaxPayerType_ID>
        <LCO_Org_City_ID reference="id"/>
        <LCO_Org_ISIC_ID reference="id"/>
        <LCO_Org_TaxPayerType_ID reference="uuid" reference-key="LCO_TaxPayerType">6ab6a41a-25f5-4f97-9f8e-f1e6a7a761f7</LCO_Org_TaxPayerType_ID>
        <LCO_WithholdingCalc_ID reference="uuid" reference-key="LCO_WithholdingCalc">3e0c4cc2-57c7-4643-9ee4-a422d24ffcc4</LCO_WithholdingCalc_ID>
        <LCO_WithholdingCategory_ID reference="id"/>
        <LCO_WithholdingRule_UU>25085f6b-0c8b-4f9a-9a59-b3b1e70603e7</LCO_WithholdingRule_UU>
        <LCO_WithholdingType_ID reference="uuid" reference-key="LCO_WithholdingType">4e97c143-ed45-47dc-9491-d9c42edda798</LCO_WithholdingType_ID>
        <Name>Retención INSS 6.25%</Name>
        <ValidFrom>2014-01-01 00:00:00.0</ValidFrom>
    </LCO_WithholdingRule>
    <LCO_WithholdingRule type="table">
        <AD_Org_ID>0</AD_Org_ID>
        <C_TaxCategory_ID reference="uuid" reference-key="C_TaxCategory">4ef3e009-c99f-4fa2-96de-927aaa85f626</C_TaxCategory_ID>
        <Description/>
        <IsActive>true</IsActive>
        <IsDefault>false</IsDefault>
        <IsUseBPCity>false</IsUseBPCity>
        <IsUseBPISIC>false</IsUseBPISIC>
        <IsUseBPTaxPayerType>false</IsUseBPTaxPayerType>
        <IsUseOrgCity>false</IsUseOrgCity>
        <IsUseOrgISIC>false</IsUseOrgISIC>
        <IsUseOrgTaxPayerType>false</IsUseOrgTaxPayerType>
        <IsUseProductTaxCategory>false</IsUseProductTaxCategory>
        <IsUseWithholdingCategory>false</IsUseWithholdingCategory>
        <LCO_BP_City_ID reference="id"/>
        <LCO_BP_ISIC_ID reference="id"/>
        <LCO_BP_TaxPayerType_ID reference="uuid" reference-key="LCO_TaxPayerType">6ab6a41a-25f5-4f97-9f8e-f1e6a7a761f7</LCO_BP_TaxPayerType_ID>
        <LCO_Org_City_ID reference="id"/>
        <LCO_Org_ISIC_ID reference="id"/>
        <LCO_Org_TaxPayerType_ID reference="uuid" reference-key="LCO_TaxPayerType">6ab6a41a-25f5-4f97-9f8e-f1e6a7a761f7</LCO_Org_TaxPayerType_ID>
        <LCO_WithholdingCalc_ID reference="uuid" reference-key="LCO_WithholdingCalc">3e0c4cc2-57c7-4643-9ee4-a422d24ffcc4</LCO_WithholdingCalc_ID>
        <LCO_WithholdingCategory_ID reference="id"/>
        <LCO_WithholdingRule_UU>25085f6b-0c8b-4f9a-9a59-b3b1e70603e7</LCO_WithholdingRule_UU>
        <LCO_WithholdingType_ID reference="uuid" reference-key="LCO_WithholdingType">e43674aa-9573-49a7-8725-3a2e120a84f7</LCO_WithholdingType_ID>
        <Name>Retención INSS 6.25%</Name>
        <ValidFrom>2014-01-01 00:00:00.0</ValidFrom>
    </LCO_WithholdingRule>
    <LCO_WithholdingRule type="table">
        <AD_Org_ID>0</AD_Org_ID>
        <C_TaxCategory_ID reference="uuid" reference-key="C_TaxCategory">0175e447-8cf6-49dc-9458-50ea87558b7f</C_TaxCategory_ID>
        <Description/>
        <IsActive>true</IsActive>
        <IsDefault>false</IsDefault>
        <IsUseBPCity>false</IsUseBPCity>
        <IsUseBPISIC>false</IsUseBPISIC>
        <IsUseBPTaxPayerType>false</IsUseBPTaxPayerType>
        <IsUseOrgCity>false</IsUseOrgCity>
        <IsUseOrgISIC>false</IsUseOrgISIC>
        <IsUseOrgTaxPayerType>false</IsUseOrgTaxPayerType>
        <IsUseProductTaxCategory>false</IsUseProductTaxCategory>
        <IsUseWithholdingCategory>false</IsUseWithholdingCategory>
        <LCO_BP_City_ID reference="id"/>
        <LCO_BP_ISIC_ID reference="id"/>
        <LCO_BP_TaxPayerType_ID reference="uuid" reference-key="LCO_TaxPayerType">6ab6a41a-25f5-4f97-9f8e-f1e6a7a761f7</LCO_BP_TaxPayerType_ID>
        <LCO_Org_City_ID reference="id"/>
        <LCO_Org_ISIC_ID reference="id"/>
        <LCO_Org_TaxPayerType_ID reference="uuid" reference-key="LCO_TaxPayerType">6ab6a41a-25f5-4f97-9f8e-f1e6a7a761f7</LCO_Org_TaxPayerType_ID>
        <LCO_WithholdingCalc_ID reference="uuid" reference-key="LCO_WithholdingCalc">70ab8bcf-7b28-4daa-99a3-5e49af830bfa</LCO_WithholdingCalc_ID>
        <LCO_WithholdingCategory_UU>9d97ea0e-c3e5-472c-a333-4e1798462df5</LCO_WithholdingCategory_UU>
        <LCO_WithholdingRule_UU>17c9a83e-8154-4808-bbf9-4bce46d3b711</LCO_WithholdingRule_UU>
        <LCO_WithholdingType_ID reference="uuid" reference-key="LCO_WithholdingType">e43674aa-9573-49a7-8725-3a2e120a84f7</LCO_WithholdingType_ID>
        <Name>Retencion IR 10%</Name>
        <ValidFrom>2014-01-01 00:00:00.0</ValidFrom>
    </LCO_WithholdingRule>
    <LCO_WithholdingRule type="table">
        <AD_Org_ID>0</AD_Org_ID>
        <C_TaxCategory_ID reference="uuid" reference-key="C_TaxCategory">0175e447-8cf6-49dc-9458-50ea87558b7f</C_TaxCategory_ID>
        <Description/>
        <IsActive>true</IsActive>
        <IsDefault>false</IsDefault>
        <IsUseBPCity>false</IsUseBPCity>
        <IsUseBPISIC>false</IsUseBPISIC>
        <IsUseBPTaxPayerType>false</IsUseBPTaxPayerType>
        <IsUseOrgCity>false</IsUseOrgCity>
        <IsUseOrgISIC>false</IsUseOrgISIC>
        <IsUseOrgTaxPayerType>false</IsUseOrgTaxPayerType>
        <IsUseProductTaxCategory>false</IsUseProductTaxCategory>
        <IsUseWithholdingCategory>false</IsUseWithholdingCategory>
        <LCO_BP_City_ID reference="id"/>
        <LCO_BP_ISIC_ID reference="id"/>
        <LCO_BP_TaxPayerType_ID reference="uuid" reference-key="LCO_TaxPayerType">6ab6a41a-25f5-4f97-9f8e-f1e6a7a761f7</LCO_BP_TaxPayerType_ID>
        <LCO_Org_City_ID reference="id"/>
        <LCO_Org_ISIC_ID reference="id"/>
        <LCO_Org_TaxPayerType_ID reference="uuid" reference-key="LCO_TaxPayerType">6ab6a41a-25f5-4f97-9f8e-f1e6a7a761f7</LCO_Org_TaxPayerType_ID>
        <LCO_WithholdingCalc_ID reference="uuid" reference-key="LCO_WithholdingCalc">70ab8bcf-7b28-4daa-99a3-5e49af830bfa</LCO_WithholdingCalc_ID>
        <LCO_WithholdingCategory_UU>9d97ea0e-c3e5-472c-a333-4e1798462df5</LCO_WithholdingCategory_UU>
        <LCO_WithholdingRule_UU>17c9a83e-8154-4808-bbf9-4bce46d3b711</LCO_WithholdingRule_UU>
        <LCO_WithholdingType_ID reference="uuid" reference-key="LCO_WithholdingType">b3b6e1a9-7cb7-4c3f-85d9-f7140e5c9bbe</LCO_WithholdingType_ID>
        <Name>Retencion IR 10%</Name>
        <ValidFrom>2014-01-01 00:00:00.0</ValidFrom>
    </LCO_WithholdingRule>
    <LCO_WithholdingRule type="table">
        <AD_Org_ID>0</AD_Org_ID>
        <C_TaxCategory_ID reference="uuid" reference-key="C_TaxCategory">0175e447-8cf6-49dc-9458-50ea87558b7f</C_TaxCategory_ID>
        <Description/>
        <IsActive>true</IsActive>
        <IsDefault>false</IsDefault>
        <IsUseBPCity>false</IsUseBPCity>
        <IsUseBPISIC>false</IsUseBPISIC>
        <IsUseBPTaxPayerType>false</IsUseBPTaxPayerType>
        <IsUseOrgCity>false</IsUseOrgCity>
        <IsUseOrgISIC>false</IsUseOrgISIC>
        <IsUseOrgTaxPayerType>false</IsUseOrgTaxPayerType>
        <IsUseProductTaxCategory>false</IsUseProductTaxCategory>
        <IsUseWithholdingCategory>false</IsUseWithholdingCategory>
        <LCO_BP_City_ID reference="id"/>
        <LCO_BP_ISIC_ID reference="id"/>
        <LCO_BP_TaxPayerType_ID reference="uuid" reference-key="LCO_TaxPayerType">6ab6a41a-25f5-4f97-9f8e-f1e6a7a761f7</LCO_BP_TaxPayerType_ID>
        <LCO_Org_City_ID reference="id"/>
        <LCO_Org_ISIC_ID reference="id"/>
        <LCO_Org_TaxPayerType_ID reference="uuid" reference-key="LCO_TaxPayerType">6ab6a41a-25f5-4f97-9f8e-f1e6a7a761f7</LCO_Org_TaxPayerType_ID>
        <LCO_WithholdingCalc_ID reference="uuid" reference-key="LCO_WithholdingCalc">969800ad-00bd-47e0-a3dc-1c5fe46a0d8d</LCO_WithholdingCalc_ID>
        <LCO_WithholdingCategory_ID reference="id"/>
        <LCO_WithholdingRule_UU>32bcc520-6037-4acf-80ae-84c1a1af2b6f</LCO_WithholdingRule_UU>
        <LCO_WithholdingType_ID reference="uuid" reference-key="LCO_WithholdingType">3f06fd8e-9750-4e71-8b18-d41b43d9e3e9</LCO_WithholdingType_ID>
        <Name>Retención 7%</Name>
        <ValidFrom>2014-01-01 00:00:00.0</ValidFrom>
    </LCO_WithholdingRule>
    <SQLStatement type="custom">
        <DBType>ALL</DBType>
        <statement><![CDATA[UPDATE C_DOCTYPE SET GenerateWithholding = 'Y' WHERE DocBaseType IN ('API','APC') AND AD_Client_ID=1000000 /* Easytech */]]></statement>
    </SQLStatement>
    <SQLStatement type="custom">
        <DBType>ALL</DBType>
        <statement><![CDATA[UPDATE C_DOCTYPE SET GenerateWithholding = 'A' WHERE DocBaseType IN ('ARI','ARC') AND AD_Client_ID=1000000 /* Easytech */]]></statement>
    </SQLStatement>
</idempiere>
