<?xml version="1.0" encoding="UTF-8" standalone="no"?>
<!--iDempiere(r) Release 3.1_2015-10-31 -Smart Suite ERP, CRM and SCM- (c) 1999-2013 iDempiere(r); Implementation: iDempiere - Supported by iDempiere community--><!--<!DOCTYPE idempiereTrl PUBLIC "-//ComPiere, Inc.//DTD iDempiere Translation 1.0//EN" "http://www.idempiere.com/dtd/idempiereTrl.dtd">--><idempiereTrl language="es_NI" table="AD_FieldGroup">
 <row id="101" trl="Y">
  <value column="Name" original="Status">Estado</value>
 </row>
 <row id="102" trl="Y">
  <value column="Name" original="Quantities">Cantidades</value>
 </row>
 <row id="103" trl="Y">
  <value column="Name" original="Amounts">Totales</value>
 </row>
 <row id="104" trl="Y">
  <value column="Name" original="Reference">Referencia</value>
 </row>
 <row id="105" trl="Y">
  <value column="Name" original="History">Historia</value>
 </row>
 <row id="106" trl="Y">
  <value column="Name" original="Product">Producto</value>
 </row>
 <row id="107" trl="Y">
  <value column="Name" original="Business Partner">Tercero</value>
 </row>
 <row id="108" trl="Y">
  <value column="Name" original="Warehouse">Almacén</value>
 </row>
 <row id="109" trl="Y">
  <value column="Name" original="Bank Accounts">Cuentas Banco/Caja</value>
 </row>
 <row id="110" trl="Y">
  <value column="Name" original="Cash Book Accounts">Cuentas Caja PDV</value>
 </row>
 <row id="111" trl="Y">
  <value column="Name" original="Tax Accounts">Cuentas Impuesto</value>
 </row>
 <row id="112" trl="Y">
  <value column="Name" original="Project Accounts">Cuentas Proyecto</value>
 </row>
 <row id="113" trl="Y">
  <value column="Name" original="General">General</value>
 </row>
 <row id="114" trl="Y">
  <value column="Name" original="Action">Acción</value>
 </row>
 <row id="115" trl="Y">
  <value column="Name" original="Standard Cost">Costo Estándar</value>
 </row>
 <row id="116" trl="Y">
  <value column="Name" original="Actual Costs">Costos Actuales</value>
 </row>
 <row id="117" trl="Y">
  <value column="Name" original="Statistics">Estadísticas</value>
 </row>
 <row id="118" trl="Y">
  <value column="Name" original="Defaults">Predeterminados</value>
 </row>
 <row id="119" trl="Y">
  <value column="Name" original="Request Management">Gestión de Solicitudes</value>
 </row>
 <row id="120" trl="Y">
  <value column="Name" original="Web Store">Tienda Web</value>
 </row>
 <row id="121" trl="Y">
  <value column="Name" original="Internal">Interno</value>
 </row>
 <row id="122" trl="Y">
  <value column="Name" original="External">Externo</value>
 </row>
 <row id="123" trl="Y">
  <value column="Name" original="Common">Común</value>
 </row>
 <row id="124" trl="Y">
  <value column="Name" original="Shipment">Envío</value>
 </row>
 <row id="125" trl="Y">
  <value column="Name" original="Document">Documento</value>
 </row>
 <row id="126" trl="Y">
  <value column="Name" original="Line">Línea</value>
 </row>
 <row id="127" trl="Y">
  <value column="Name" original="Simulation">Simulación</value>
 </row>
 <row id="128" trl="Y">
  <value column="Name" original="Calculations">Cálculos</value>
 </row>
 <row id="129" trl="Y">
  <value column="Name" original="Proxy">Apoderado</value>
 </row>
 <row id="130" trl="Y">
  <value column="Name" original="Delivery">Entrega</value>
 </row>
 <row id="131" trl="Y">
  <value column="Name" original="Invoicing">Facturación</value>
 </row>
 <row id="132" trl="Y">
  <value column="Name" original="Only ..">Sólo ..</value>
 </row>
 <row id="133" trl="Y">
  <value column="Name" original="Selection">Selección</value>
 </row>
 <row id="134" trl="Y">
  <value column="Name" original="Workflow">Flujo de Trabajo</value>
 </row>
 <row id="135" trl="Y">
  <value column="Name" original="Access">Acceso</value>
 </row>
 <row id="50000" trl="Y">
  <value column="Name" original="Allow Info In Role">Permitir información en rol</value>
 </row>
 <row id="50001" trl="Y">
  <value column="Name" original="Accounts">Cuentas</value>
 </row>
 <row id="50002" trl="Y">
  <value column="Name" original="Setup">Configuración</value>
 </row>
 <row id="50003" trl="Y">
  <value column="Name" original="Dates">Fechas</value>
 </row>
 <row id="50004" trl="Y">
  <value column="Name" original="Revaluation Accounts">Cuentas de Reevaluación</value>
 </row>
 <row id="50005" trl="Y">
  <value column="Name" original="Contract">Contrato</value>
 </row>
 <row id="50006" trl="Y">
  <value column="Name" original="Options">Opciones</value>
 </row>
 <row id="50007" trl="Y">
  <value column="Name" original="General Ledger">Contabilidad General</value>
 </row>
 <row id="50008" trl="Y">
  <value column="Name" original="Machines">Máquinas</value>
 </row>
 <row id="50009" trl="Y">
  <value column="Name" original="Database">Base de Datos</value>
 </row>
 <row id="50010" trl="Y">
  <value column="Name" original="Manufacturing Accounts">Cuentas Manufactura</value>
 </row>
 <row id="50012" trl="Y">
  <value column="Name" original="Logo">Logo</value>
 </row>
 <row id="50016" trl="Y">
  <value column="Name" original="Location">Localización</value>
 </row>
 <row id="50017" trl="Y">
  <value column="Name" original="Fixed Asset">Activo Fijo</value>
 </row>
 <row id="50018" trl="Y">
  <value column="Name" original="Maintenance">Mantenimiento</value>
 </row>
 <row id="50019" trl="Y">
  <value column="Name" original="Funding">Financiamiento</value>
 </row>
 <row id="50020" trl="Y">
  <value column="Name" original="Depreciation">Depreciación</value>
 </row>
 <row id="200000" trl="Y">
  <value column="Name" original="Swing Position">Posición Swing</value>
 </row>
 <row id="200001" trl="Y">
  <value column="Name" original="Web Position">Posición Web</value>
 </row>
 <row id="200003" trl="Y">
  <value column="Name" original="User Locking">Bloqueo Usuario</value>
 </row>
 <row id="200004" trl="Y">
  <value column="Name" original="Overwritten From Column">Sobreescribe de Columna</value>
 </row>
 <row id="200005" trl="Y">
  <value column="Name" original="Customer Information">Información Cliente</value>
 </row>
 <row id="200006" trl="Y">
  <value column="Name" original="Vendor Information">Información Proveedor</value>
 </row>
 <row id="200007" trl="Y">
  <value column="Name" original="Sales Information">Información Ventas</value>
 </row>
 <row id="200008" trl="Y">
  <value column="Name" original="Document Preferences">Preferencias de Documentos</value>
 </row>
 <row id="200009" trl="Y">
  <value column="Name" original="Charge Account">Cuenta Cargo</value>
 </row>
 <row id="200010" trl="Y">
  <value column="Name" original="Business Partner Accounts">Cuentas Tercero</value>
 </row>
 <row id="200011" trl="Y">
  <value column="Name" original="Product Accounts">Cuentas Producto</value>
 </row>
 <row id="200012" trl="Y">
  <value column="Name" original="Warehouse Accounts">Cuentas Almacén</value>
 </row>
 <row id="200013" trl="Y">
  <value column="Name" original="Product Category Accounts">Cuentas Categoría Producto</value>
 </row>
 <row id="200014" trl="Y">
  <value column="Name" original="Business Partner Group Accounts">Cuentas Grupo de Terceros</value>
 </row>
 <row id="200015" trl="Y">
  <value column="Name" original="Technical">Técnico</value>
 </row>
 <row id="200016" trl="Y">
  <value column="Name" original="Foreign Key">Llave Foránea</value>
 </row>
 <row id="200018" trl="Y">
  <value column="Name" original="Background Job">Tarea en Segundo Plano</value>
 </row>
 <row trl="Y" uuid="a5a3386b-4128-4801-8e68-79d21dea64fb">
  <value column="Name" original="Withholding Information">Información Retenciones</value>
 </row>
 <row trl="N" uuid="fefd26a2-00ed-417c-b8c3-a63560585e10">
  <value column="Name" original="Options notice">Options notice</value>
 </row>
</idempiereTrl>
