<?xml version="1.0" encoding="UTF-8" standalone="no"?>
<!--iDempiere(r) Release 3.1_2015-10-31 -Smart Suite ERP, CRM and SCM- (c) 1999-2013 iDempiere(r); Implementation: iDempiere - Supported by iDempiere community--><!--<!DOCTYPE idempiereTrl PUBLIC "-//ComPiere, Inc.//DTD iDempiere Translation 1.0//EN" "http://www.idempiere.com/dtd/idempiereTrl.dtd">--><idempiereTrl language="es_NI" table="AD_InfoColumn">
 <row id="200005" trl="Y">
  <value column="Name" original="Vendor">Proveedor</value>
  <value column="Description" original="Current Vendor">Proveedor Actual</value>
  <value column="Help" original=""/>
 </row>
 <row id="200006" trl="Y">
  <value column="Name" original="D">D</value>
  <value column="Description" original="This product is no longer available">Este producto está descontinunado</value>
  <value column="Help" original="The Discontinued check box indicates a product that has been discontinued.">La marca de descontinuado indica que un producto ha sido descontinuado.</value>
 </row>
</idempiereTrl>
