<?xml version="1.0" encoding="UTF-8" standalone="no"?>
<!--iDempiere(r) Release 3.1_2015-10-31 -Smart Suite ERP, CRM and SCM- (c) 1999-2013 iDempiere(r); Implementation: iDempiere - Supported by iDempiere community--><!--<!DOCTYPE idempiereTrl PUBLIC "-//ComPiere, Inc.//DTD iDempiere Translation 1.0//EN" "http://www.idempiere.com/dtd/idempiereTrl.dtd">--><idempiereTrl language="es_NI" table="AD_Process_Para">
 <row id="227" trl="Y">
  <value column="Name" original="Delete existing Accounting Entries">Borrar entradas existentes de contabilidad</value>
  <value column="Description" original="The selected accounting entries will be deleted!  DANGEROUS !!!">Las entradas contables seleccionadas van a ser borradas! PELIGROSO !!!</value>
  <value column="Help" original=""/>
 </row>
 <row id="233" trl="Y">
  <value column="Name" original="Pricelist Version">Versión de Lista de Precios</value>
  <value column="Description" original="Only used if Price List is used to set future/standard cost price">Only used if Price List is used to set future cost price</value>
  <value column="Help" original=""/>
 </row>
 <row id="302" trl="Y">
  <value column="Name" original="Overwrite Payment Rule">Sobreescribir Regla de Pago</value>
  <value column="Description" original="Overwrite how to pay the invoice">Sobreescribe como se paga la factura</value>
  <value column="Help" original="The Payment Rule indicates how the incoice will be settled - you can overwrite the value from the invoice.">La regla de pago indica el método como la factura será pagada - puede sobreescribir el valor de la factura.</value>
 </row>
 <row id="315" trl="Y">
  <value column="Name" original="From User">Desde Usuario</value>
  <value column="Description" original="Send EMail from user">Envia EMail desde un usuario.</value>
  <value column="Help" original="The email is sent from the user selected - otherwise it is sent from the request email address of the client">El email es enviado desde un usuario especifico - de otra manera este es enviado desde una petición de dirección de email del cliente</value>
 </row>
 <row id="452" trl="Y">
  <value column="Name" original="Maintenance Mode">Modo Mantenimiento</value>
  <value column="Description" original="Language Maintenance Mode">Modo Mantenimiento Lenguaje</value>
  <value column="Help" original=""/>
 </row>
 <row id="467" trl="Y">
  <value column="Name" original="Existing Organization">Organización Existente</value>
  <value column="Description" original="Organizational entity within client - set to empty if you want to create a new organization">Entidad organizacional dentro de un grupo empresarial - déjelo vacío si quiere crear una nueva organización</value>
  <value column="Help" original="An organization is a unit of your client or legal entity - examples are store, department. You can share data between organizations.">Una organización es una unidad de su grupo empresarial o entidad legal - por ejemplo tienda, departamento.  Puede compartir datos entre organizaciones.</value>
 </row>
 <row id="469" trl="Y">
  <value column="Name" original="Limit Access to Role">Limitar Acceso a Rol</value>
  <value column="Description" original="If no Role is selected, grant access to all (non-manual) roles of the Client">Si no se selecciona Rol, dar permiso a todos los roles (no manuales) del cliente</value>
  <value column="Help" original="The Role determines security and access a user who has this Role will have in the System.">El Rol determina la seguridad y accesos que un usuario con este rol tendrá en el sistema.</value>
 </row>
 <row id="493" trl="Y">
  <value column="Name" original="New User/Contact">Nuevo Usuario/Contacto</value>
  <value column="Description" original="User within the system - Internal or Business Partner Contact">Usuario dentro del sistema - Contacto interno o de tercero</value>
  <value column="Help" original="The User identifies a unique user in the system. This could be an internal user or a business partner contact">El usuario identifieca a un usuario único en el sistema.  Puede ser un usuario interno o un contacto de tercero</value>
 </row>
 <row id="494" trl="Y">
  <value column="Name" original="New Workflow Responsible">Nuevo Responsable de Flujo de Trabajo</value>
  <value column="Description" original="Responsible for Workflow Execution">Responsable de Ejecución del Flujo de Trabajo</value>
  <value column="Help" original="The ultimate responsibility for a workflow is with an actual user. The Workflow Responsible allows to define ways to find that actual User.">La responsabilidad de un flujo de trabajo está con un usuario actual.  El Responsable de Flujo de Trabajo permite definir formas de encontrar este usuario actual.</value>
 </row>
 <row id="496" trl="Y">
  <value column="Name" original="New User/Contact">Nuevo Usuario/Contacto</value>
  <value column="Description" original="User within the system - Internal or Business Partner Contact">Usuario dentro del sistema - Contacto interno o de tercero</value>
  <value column="Help" original="The User identifies a unique user in the system. This could be an internal user or a business partner contact">El usuario identifieca a un usuario único en el sistema.  Puede ser un usuario interno o un contacto de tercero</value>
 </row>
 <row id="497" trl="Y">
  <value column="Name" original="New Workflow Responsible">Nuevo Responsable de Flujo de Trabajo</value>
  <value column="Description" original="Responsible for Workflow Execution">Responsable de Ejecución del Flujo de Trabajo</value>
  <value column="Help" original="The ultimate responsibility for a workflow is with an actual user. The Workflow Responsible allows to define ways to find that actual User.">La responsabilidad de un flujo de trabajo está con un usuario actual.  El Responsable de Flujo de Trabajo permite definir formas de encontrar este usuario actual.</value>
 </row>
 <row id="523" trl="Y">
  <value column="Name" original="Default Sales Rep">Representante Ventas por Defecto</value>
  <value column="Description" original="If not defined on Business Partner Level">Si no está definido a nivel de Tercero</value>
  <value column="Help" original=""/>
 </row>
 <row id="524" trl="Y">
  <value column="Name" original="Dunning Currency">Moneda Morosidad</value>
  <value column="Description" original="Currency to create Dunning Letters">Moneda para crear cartas de morosidad</value>
  <value column="Help" original=""/>
 </row>
 <row id="50001" trl="Y">
  <value column="Name" original="Role To">Rol Hacia</value>
  <value column="Description" original="Responsibility Role">Rol de responsabilidad</value>
  <value column="Help" original="The Role determines security and access a user who has this Role will have in the System.">El Rol determina la seguridad y acceso del usuario que posee este Rol</value>
 </row>
 <row id="50002" trl="Y">
  <value column="Name" original="Role From">Rol Desde</value>
  <value column="Description" original="Responsibility Role">Rol de responsabilidad</value>
  <value column="Help" original="The Role determines security and access a user who has this Role will have in the System.">El Rol determina la seguridad y acceso del usuario que posee este Rol</value>
 </row>
 <row id="50008" trl="Y">
  <value column="Name" original="IMAP Password">Contraseña IMAP</value>
  <value column="Description" original=""/>
  <value column="Help" original=""/>
 </row>
 <row id="50009" trl="Y">
  <value column="Name" original="Request Folder">Carpeta Solicitudes</value>
  <value column="Description" original="After take email form inbox folder, and process it success, email will move to this folder"/>
  <value column="Help" original="folder can define as hierarchy, use &quot;\&quot; to separate folder. example customer\vietnam&#10;will read email from folder vietnam under folder customer&#10;after take email form inbox folder, and process it success, email will move to this folder"/>
 </row>
 <row id="50010" trl="Y">
  <value column="Name" original="Inbox Folder">Carpeta de entrada</value>
  <value column="Description" original="Mail folder, where process will take email and make request"/>
  <value column="Help" original="folder can define as hierarchy, use &quot;\&quot; to separate folder. example customer\vietnam&#10;will read email from folder vietnam under folder customer"/>
 </row>
 <row id="50011" trl="Y">
  <value column="Name" original="Error Folder">Carpeta de error</value>
  <value column="Description" original="Mail folder to push unsuccess email  "/>
  <value column="Help" original="folder can define as hierarchy, use &quot;\&quot; to separate folder. example customer\error\vietnam&#10;will puss email can't process to folder vietnam under folder error under folder customer"/>
 </row>
 <row id="50019" trl="Y">
  <value column="Name" original="Shipment Date">Fecha Entrega</value>
  <value column="Description" original="Date printed on shipment">Fecha impresa en la entrega</value>
  <value column="Help" original="The Shipment Date indicates the date printed on the shipment.">La fecha de entrega indica la fecha impresa en el envio.</value>
 </row>
 <row id="53011" trl="Y">
  <value column="Name" original="Print Unprocessed Entries Only">Imprimir unicamente Entradas no procesadas</value>
  <value column="Description" original="Print the unprocessed (unprinted) entries of the dunning run only.">Imprime las entradas no procesadas (No impresas) de un cobro.</value>
  <value column="Help" original="Print the unprocessed (unprinted) entries of the dunning run only. This allows you to reprint only certain dunning entries.">Imprime las entradas no procesadas (No impresas) de un cobro. Esto permite re imprimir solo ciertas entradas de cobro.</value>
 </row>
 <row id="53025" trl="Y">
  <value column="Name" original="Purchase Price List Version">Versión Lista Precios Compra</value>
  <value column="Description" original=""/>
  <value column="Help" original=""/>
 </row>
 <row id="53030" trl="Y">
  <value column="Name" original="New Product">Nuevo Producto</value>
  <value column="Description" original=""/>
  <value column="Help" original=""/>
 </row>
 <row id="53032" trl="Y">
  <value column="Name" original="Action">Acción</value>
  <value column="Description" original=""/>
  <value column="Help" original=""/>
 </row>
 <row id="53066" trl="Y">
  <value column="Name" original="Is Print Pack &amp; Tools List">Imprime Lista de Empaques y Herramientas</value>
  <value column="Description" original=""/>
  <value column="Help" original=""/>
 </row>
 <row id="53068" trl="Y">
  <value column="Name" original="Is Print Pick List">Imprime Lista de Recogida</value>
  <value column="Description" original=""/>
  <value column="Help" original=""/>
 </row>
 <row id="53069" trl="Y">
  <value column="Name" original="Is Print Workflow">Imprime Flujo Trabajo</value>
  <value column="Description" original=""/>
  <value column="Help" original=""/>
 </row>
 <row id="53127" trl="Y">
  <value column="Name" original="Generate Fields">Genera Campos</value>
  <value column="Description" original=""/>
  <value column="Help" original=""/>
 </row>
 <row id="53131" trl="Y">
  <value column="Name" original="Scripts Path">Ruta Scripts</value>
  <value column="Description" original=""/>
  <value column="Help" original=""/>
 </row>
 <row id="53142" trl="Y">
  <value column="Name" original="Includes only the Tabs that Insert records">Incluye únicamente las pestañas que insertan registros</value>
  <value column="Description" original="Generated Export Format for the Tabs with Insert Record is Yes">El formato de exportación se genera únicamente para las pestañas que permiten inserción de registros</value>
  <value column="Help" original=""/>
 </row>
 <row id="53143" trl="Y">
  <value column="Name" original="Includes only the mandatory columns">Incluye únicamente las columnas obligatorias</value>
  <value column="Description" original="Generated an Export Format Line  if the column is mandatory ">Genera una línea de formato de exportación si la columna es obligatoria</value>
  <value column="Help" original=""/>
 </row>
 <row id="53219" trl="Y">
  <value column="Name" original="Based in DRP Demand">Basado en Demanda DRP</value>
  <value column="Description" original="Based in DRP Demand">Basado en Demanda DRP</value>
  <value column="Help" original=""/>
 </row>
 <row id="53232" trl="Y">
  <value column="Name" original="Bank Account From">Cuenta Banco/Caja Origen</value>
  <value column="Description" original=""/>
  <value column="Help" original=""/>
 </row>
 <row id="53233" trl="Y">
  <value column="Name" original="Bank Account To">Cuenta Banco/Caja Destino</value>
  <value column="Description" original=""/>
  <value column="Help" original=""/>
 </row>
 <row id="53243" trl="Y">
  <value column="Name" original="Valid from">Válido Desde</value>
  <value column="Description" original="Valid from including this date (first day)">Válido desde incluyendo esta fecha (primer día)</value>
  <value column="Help" original="The Valid From date indicates the first day of a date range">La fecha Válido Desde indica el primer día de un rango de fechas</value>
 </row>
 <row id="53246" trl="Y">
  <value column="Name" original="Bank Account From">Cuenta Banco/Caja Origen</value>
  <value column="Description" original=""/>
  <value column="Help" original=""/>
 </row>
 <row id="53247" trl="Y">
  <value column="Name" original="Bank Account To">Cuenta Banco/Caja Destino</value>
  <value column="Description" original=""/>
  <value column="Help" original=""/>
 </row>
 <row id="53263" trl="Y">
  <value column="Name" original="Account Date">Fecha Contable</value>
  <value column="Description" original="Optional account date range">Rango de fechas contables opcional</value>
  <value column="Help" original="Only documents within this date range which are also in open periods will be reset.">Solo los documentos dentro de este rango de fechas que estén en períodos abiertos serán reiniciados.</value>
 </row>
 <row id="53282" trl="Y">
  <value column="Name" original="Client Name">Nombre Grupo Empresarial</value>
  <value column="Description" original=""/>
  <value column="Help" original=""/>
 </row>
 <row id="53284" trl="Y">
  <value column="Name" original="Administrative User Name">Nombre Usuario Administrador</value>
  <value column="Description" original=""/>
  <value column="Help" original=""/>
 </row>
 <row id="53285" trl="Y">
  <value column="Name" original="Normal User Name">Nombre Usuario Normal</value>
  <value column="Description" original=""/>
  <value column="Help" original=""/>
 </row>
 <row id="53289" trl="Y">
  <value column="Name" original="City Name">Nombre Ciudad</value>
  <value column="Description" original=""/>
  <value column="Help" original=""/>
 </row>
 <row id="53291" trl="Y">
  <value column="Name" original="BP Accounting">Contabilidad Tercero</value>
  <value column="Description" original="Use BP accounting dimension">Usa dimensión contable tercero</value>
  <value column="Help" original="Define if this client will use business partner accounting dimension.  This can be changed later in Accounting Schema window of the client.">Define si este grupo empresarial usará tercero como dimensión contable.  Esto puede cambiarse posteriormetne en la ventana de Esquema Contable del grupo empresarial.</value>
 </row>
 <row id="53292" trl="Y">
  <value column="Name" original="Product Accounting">Contabilidad Producto</value>
  <value column="Description" original="Use Product accounting dimension">Usa dimensión contable producto</value>
  <value column="Help" original="Define if this client will use product accounting dimension.  This can be changed later in Accounting Schema window of the client.">Define si este grupo empresarial usará producto como dimensión contable.  Esto puede cambiarse posteriormetne en la ventana de Esquema Contable del grupo empresarial.</value>
 </row>
 <row id="53293" trl="Y">
  <value column="Name" original="Project Accounting">Contabilidad Proyecto</value>
  <value column="Description" original="Use Project accounting dimension">Usa dimensión contable proyecto</value>
  <value column="Help" original="Define if this client will use project accounting dimension.  This can be changed later in Accounting Schema window of the client.">Define si este grupo empresarial usará proyecto como dimensión contable.  Esto puede cambiarse posteriormetne en la ventana de Esquema Contable del grupo empresarial.</value>
 </row>
 <row id="53294" trl="Y">
  <value column="Name" original="Campaign Accounting">Contabilidad Campaña</value>
  <value column="Description" original="Use Campaign accounting dimension">Usa dimensión contable campaña</value>
  <value column="Help" original="Define if this client will use campaign accounting dimension.  This can be changed later in Accounting Schema window of the client.">Define si este grupo empresarial usará campaña como dimensión contable.  Esto puede cambiarse posteriormetne en la ventana de Esquema Contable del grupo empresarial.</value>
 </row>
 <row id="53295" trl="Y">
  <value column="Name" original="Sales Region Accounting">Contabilidad Región de Ventas</value>
  <value column="Description" original="Use Sales Region accounting dimension">Usa dimensión contable región de ventas</value>
  <value column="Help" original="Define if this client will use sales region accounting dimension.  This can be changed later in Accounting Schema window of the client.">Define si este grupo empresarial usará región de ventas como dimensión contable.  Esto puede cambiarse posteriormetne en la ventana de Esquema Contable del grupo empresarial.</value>
 </row>
 <row id="53296" trl="Y">
  <value column="Name" original="Chart of Accounts File">Archivo Plan de Cuentas</value>
  <value column="Description" original="Location of the chart of accounts to be used with this client.  At this stage just the default accounts will be created.">Localización del archivo de plan de cuentas a ser usado por este grupo empresarial.  En este momento solamente las cuentas por defecto serán creadas.</value>
  <value column="Help" original=""/>
 </row>
 <row id="53314" trl="Y">
  <value column="Name" original="Full rebuild">Reconstrucción completa</value>
  <value column="Description" original="Delete all existing summary data and recalculate.">Borra todos los datos actuales de resumen y recalcula.</value>
  <value column="Help" original="If not selected, only those periods with recently posted accounting facts will be recalculated.">Si no se selecciona, solo aquellos períodos con asientos contables recientes serán recalculados.</value>
 </row>
 <row id="53316" trl="Y">
  <value column="Name" original="Force">Forzar</value>
  <value column="Description" original="Force rebuild of cube even if locked.">Forzar reconstrucción del cubo incluso si está bloqueado.</value>
  <value column="Help" original=""/>
 </row>
 <row id="53485" trl="Y">
  <value column="Name" original="Periodicity">Periodicidad</value>
  <value column="Description" original=""/>
  <value column="Help" original=""/>
 </row>
 <row id="53486" trl="Y">
  <value column="Name" original="Repetitions">Repeticiones</value>
  <value column="Description" original=""/>
  <value column="Help" original=""/>
 </row>
 <row id="53516" trl="Y">
  <value column="Name" original="Recreate">Recrear</value>
  <value column="Description" original="Overwrite existing production lines">Sobreescribe las líneas de producción existentes</value>
  <value column="Help" original=""/>
 </row>
 <row id="53517" trl="Y">
  <value column="Name" original="Production Quantity">Cantidad a Producir</value>
  <value column="Description" original="Quantity of products to produce">Cantidad del producto a producir</value>
  <value column="Help" original="The Production Quantity identifies the number of products to produce">La Cantidad de Producción identifica el número de productos a producir</value>
 </row>
 <row id="53526" trl="Y">
  <value column="Name" original="Is Kanban">Es Kanban</value>
  <value column="Description" original=""/>
  <value column="Help" original=""/>
 </row>
 <row id="53582" trl="Y">
  <value column="Name" original="CreateOpportunity">Crea Oportunidad</value>
  <value column="Description" original="Create Opportunity">Crea Oportunidad</value>
  <value column="Help" original="Create a new Sales Opportunity when converting a lead">Crea una nueva oportunidad de ventas cuando se convierte un cliente potencial</value>
 </row>
 <row id="200005" trl="Y">
  <value column="Name" original="New EMail Confirm">Confirmación Clave Correo</value>
  <value column="Description" original=""/>
  <value column="Help" original=""/>
 </row>
 <row id="200007" trl="Y">
  <value column="Name" original="Reset Existing Access">Reiniciar Accesso Existentes</value>
  <value column="Description" original="Reset Existing Access">Reiniciar Accesso Existentes</value>
  <value column="Help" original=""/>
 </row>
 <row id="200055" trl="Y">
  <value column="Name" original="Product">Producto</value>
  <value column="Description" original="Please enter the product (component) you wish to search for">Por favor ingrese el producto (componente) que desea buscar</value>
  <value column="Help" original=""/>
 </row>
 <row id="200060" trl="Y">
  <value column="Name" original="Financial Year Month">Año-Mes Financiero</value>
  <value column="Description" original="The only valid date format is: YYYY-MM">El formato de fecha válido es: AAAA-MM</value>
  <value column="Help" original="The only valid date format is: YYYY-MM">El formato de fecha válido es: AAAA-MM</value>
 </row>
 <row id="200062" trl="Y">
  <value column="Name" original="Financial Year Month">Año-Mes Financiero</value>
  <value column="Description" original="The only valid date format is: YYYY-MM">El formato de fecha válido es: AAAA-MM</value>
  <value column="Help" original="The only valid date format is: YYYY-MM">El formato de fecha válido es: AAAA-MM</value>
 </row>
 <row id="200071" trl="Y">
  <value column="Name" original="Document Type">Tipo Documento</value>
  <value column="Description" original="Inventory Cost Adjustment Document Type">Tipo Documento Ajuste Costo Inventario</value>
  <value column="Help" original=""/>
 </row>
 <row id="200074" trl="Y">
  <value column="Name" original="Administrative User Email">Correo Usuario Administrador</value>
  <value column="Description" original=""/>
  <value column="Help" original=""/>
 </row>
 <row id="200075" trl="Y">
  <value column="Name" original="Normal User Email">Correo Usuario Normal</value>
  <value column="Description" original=""/>
  <value column="Help" original=""/>
 </row>
 <row id="200077" trl="Y">
  <value column="Name" original="Created Since">Creado Desde</value>
  <value column="Description" original=""/>
  <value column="Help" original=""/>
 </row>
 <row id="200084" trl="Y">
  <value column="Name" original="Use Default CoA">Usar Plan de Cuentas por Defecto</value>
  <value column="Description" original="Use Default Chart of Accounts">Usar el Plan de Cuentas por Defecto</value>
  <value column="Help" original=""/>
 </row>
 <row id="200085" trl="Y">
  <value column="Name" original="Activity Accounting">Contabilidad Actividad</value>
  <value column="Description" original="Use Activity accounting dimension">Usar dimensión contable Actividad</value>
  <value column="Help" original="Define if this client will use activity accounting dimension.  This can be changed later in Accounting Schema window of the client.">Define si el grupo empresarial usará la dimensión contable Actividad.  Esto se puede modificar posteriormente en la ventana Esquema Contable.</value>
 </row>
 <row id="200086" trl="Y">
  <value column="Name" original="Inactivate Defaults">Inactivar Cuentas por Defecto</value>
  <value column="Description" original="Inactivate Defaults after Created">Inactivar Cuentas por Defecto una vez se crean</value>
  <value column="Help" original=""/>
 </row>
 <row id="200102" trl="Y">
  <value column="Name" original="Cost Adjustment Document Type">Tipo Document Ajuste de Costo</value>
  <value column="Description" original=""/>
  <value column="Help" original=""/>
 </row>
 <row id="200121" trl="Y">
  <value column="Name" original="Inbox As Root Folder">Bandeja de entrada como carpeta raíz</value>
  <value column="Description" original="True if other folder (request, error,..) occupy in inbox folder">Verdadero si otras carpetas (solicitudes, errores, ...) se ubican en la bandeja de entrada</value>
  <value column="Help" original="Some email server as outlook, every folder occupy in inbox, with web mail as google, we easy create my folder outside inbox folder.&#10;this field define where request, error,.. occupy.">En algunos servidores de correos como outlook, cada carpeta se ubica en la bandeja de entrada, con correo web como google se puede crear una carpeta fuera de la bandeja de entrada.
this field define where request, error,.. occupy.</value>
 </row>
 <row trl="N" uuid="0c82f4f6-43fd-4b47-95f7-59f81a3a34b2">
  <value column="Name" original="Payroll Payments">Payroll Payments</value>
  <value column="Description" original=""/>
  <value column="Help" original=""/>
 </row>
</idempiereTrl>
