<?xml version="1.0" encoding="UTF-8" standalone="no"?>
<!--iDempiere(r) Release 3.1_2015-10-31 -Smart Suite ERP, CRM and SCM- (c) 1999-2013 iDempiere(r); Implementation: iDempiere - Supported by iDempiere community--><!--<!DOCTYPE idempiereTrl PUBLIC "-//ComPiere, Inc.//DTD iDempiere Translation 1.0//EN" "http://www.idempiere.com/dtd/idempiereTrl.dtd">--><idempiereTrl language="es_NI" table="AD_Workflow">
 <row id="101" trl="Y">
  <value column="Name" original="Project Setup and Use">Definir Proyecto y su uso</value>
  <value column="Description" original="Setup of projects and project reporting">Definición de proyectos y sus Informes</value>
  <value column="Help" original="Projects allow to monitor the status and progress of sales opportunities, service projects and investment projects. A Project is a process that is undertaken which can involve multiple steps or phases and require resources from more than one area.">Los proyectos permiten monitorear el estado y progreso de oportunidades de ventas; proyectos de servicios y de inversión. Un proyecto es un proceso que se comienza y puede involucrar múltiples pasos o fases y requiere recursos de más de una área.</value>
 </row>
 <row id="103" trl="Y">
  <value column="Name" original="Language Setup">Definir Lenguaje</value>
  <value column="Description" original="Setup a new Language of the system and translate elements">Definir un nuevo lenguaje y traducir sus elementos.</value>
  <value column="Help" original="Define a new language as a system language.">Definir un nuevo lenguaje como un lenguaje del sistema.</value>
 </row>
 <row id="104" trl="Y">
  <value column="Name" original="Initial Client Setup Review">Revisión de Configuración Inicial de Grupo Empresarial</value>
  <value column="Description" original="Review of system level setup of a new  Client">Revisar la Configuración de un nuevo grupo empresarial a nivel de sistema</value>
  <value column="Help" original="This workflow reviews the system setup of a new client as performed by the automatic Initial Client Setup.&#10;You may want to check also the following Workflows:&#10;- Accounting Setup&#10;- Business Partner Setup&#10;- Product Setup&#10;- Price list Setup&#10;- Warehouse Setup&#10;- Tax Setup">Este flujo de trabajo revisa la definición de un nuevo grupo empresarial que fue creado a través de la Configuración Inicial de Grupo Empresarial. Se sugiere revisar también los siguientes flujos de trabajo: Definición Contable, Definición de Tercero; Definición de Producto; Definición de Lista de Precios; Definición de Almacén; Definición de Impuestos.</value>
 </row>
 <row id="105" trl="Y">
  <value column="Name" original="Accounting Setup">Configuración de Contabilidad</value>
  <value column="Description" original="Review and change Accounting Setup">Revisar y cambiar definición contable.</value>
  <value column="Help" original="This workflow allows you to review and change your Accounting Rules. ">Este flujo de trabajo permite revisar y cambiar las reglas contables.</value>
 </row>
 <row id="106" trl="Y">
  <value column="Name" original="Business Partner Setup">Configuración de Tercero</value>
  <value column="Description" original="Setup Business Partner Rules">Configuración de Tercero</value>
  <value column="Help" original="This workflow defines the Business Partners and the supporting rules.">Este flujo de trabajo define los Terceros y las reglas que los soportan.</value>
 </row>
 <row id="107" trl="Y">
  <value column="Name" original="Product Setup">Definición de Producto</value>
  <value column="Description" original="Set up Products">Definir Productos</value>
  <value column="Help" original="Define your products manually. You should verify the settings especially if you import your products.">Define sus productos manualmente. Debe verificarse su definición; especialmente si se han importado productos.</value>
 </row>
 <row id="108" trl="Y">
  <value column="Name" original="Price List Setup">Definición de Listas de Precios</value>
  <value column="Description" original="Define your Price Lists and Discounts">Definir Listas de Precio y Descuentos</value>
  <value column="Help" original="You define your price lists after entering or importing your products. In addition to price lists, you can define discounts for business partners.  Assign specific Price Lists and Discounst to Business Partners.">Se definen las listas de precios después de entrar o importar sus productos.</value>
 </row>
 <row id="109" trl="Y">
  <value column="Name" original="Replication Setup">Configuración de Replicación</value>
  <value column="Description" original="Setup of data replication">Configuración de replicación de datos</value>
  <value column="Help" original="Data Replication allows you to synchronize data of remote instances with a central office.  All actions are initialized from the central office.&lt;p&gt;&#10;&lt;b&gt;Central System:&lt;/b&gt;&lt;br&gt;&#10;- setup system with all organizations, roles, etc.&lt;br&gt;&#10;- run the migration to make sure that it is up-to-date&lt;br&gt;&#10;- export the central system&#10;&lt;p&gt;&#10;&lt;b&gt;Remote System:&lt;/b&gt;&#10;- install the exact version as Central System&lt;br&gt;&#10;- import data from Central System in the remote locations&#10;&lt;p&gt;&#10;&lt;b&gt;Central System:&lt;/b&gt;&#10;- Define Replication per Remote&lt;br&gt;&#10;- Make sure that the ID range is unique per remote - otherwise you will loose transactions!&lt;br&gt;&#10;- Initially Start the Replication Run to setup Remote&#10;&lt;p&gt;&#10;** Enter Transactions **&#10;&lt;p&gt;&#10;&lt;b&gt;Central System:&lt;/b&gt;&lt;br&gt;&#10;- Start the Replication Run when required"><![CDATA[La replicación de datos le permite sincronizar datos de instancias remotas con una oficina central.  Todas las acciones son inicializadas desde la oficina central.<p>
<b>Sistema Central:</b><br>
- configurar el sistema con todas las organizaciones, ROLES, etc.<br>
- correr la migración para asegurar que todo esté actualizado<br>
- exportar el sistema central
<p>
<b>Sistema Remoto:</b>
- instalar la versión exacta como en el sistema central<br>
- importar datos del sistema central en las localizaciones remotas
<p>
<b>Sistema Central:</b>
- Definir Replicación por cada Remoto<br>
- Asegurarse que el rango de IDs es único por remoto - de lo contrario se perderán transacciones!<br>
- Inicialmente empezar la ejecución de replicación para fijar el Remoto
<p>
** Ingresar Transacciones **
<p>
<b>Sistema Central:</b><br>
- Empezar la ejecución de replicación cuando se requiera]]></value>
 </row>
 <row id="110" trl="Y">
  <value column="Name" original="Tax Setup">Definición de Impuestos</value>
  <value column="Description" original="Setup tax calculation">Definir Calculo de Impuestos</value>
  <value column="Help" original="Setup the tax calculation for products, services and charges">Define el cálculo de impuestos para productos; servicios y cargos</value>
 </row>
 <row id="111" trl="Y">
  <value column="Name" original="Sales Setup">Definición de Ventas</value>
  <value column="Description" original="Setup Sales">Definir Ventas</value>
  <value column="Help" original="Setting up Sales Representatives, Commissions as well as Marketing Channels and Campaigns.">Define representantes de ventas; comisiones; canales de mercadeo y campañas.</value>
 </row>
 <row id="112" trl="Y">
  <value column="Name" original="Performance Measurement Setup">Definición de Medición de Desempeño</value>
  <value column="Description" original="Setup your Performance Measurement">Definir Medición de Desempeño</value>
  <value column="Help" original="This workflow guides you through setting up your performance measurement based on Key Performance Indicators, Balanced Scorecard, etc.&#10;&#10;Most important: Do your analysis first!&#10;- What are your goals and how do you measure it?&#10;&#10;When you are setting up the system, you do it in reverse:&#10;First you define how you measure it and last you define the goals for the measurements.&#10;You have three ways measuring performance:&#10;- via quantifiable measures (e.g. sales of $3 million in Q1)&#10;- via manual measures&#10;- via achievements (tasks)&#10;&#10;The system converts the measures into percentages (based on the target and achieved measure - or number of total and reached achievements)">Este Flujo de trabajo guia a través de la definición de la medición de desempeño basada en indicadores claves de desempeño; Balanced ScoreCard; etc. Lo mas importante es ejecutar su análisis de esta área primero; cuales son los objetivos y como medirlos. Cuando se esta definiendo la medición de desempeño es necesario hacerlo en orden inverso: Primero se define como medir y luego se definen los objetivos de las mediciones. Existen 3 maneras de medir el desempeño: 1. Via medidas cuantificables (ej. Ventas de $3M en el primer trimestre); 2. Via mediciones manuales; 3. Via logros (tareas). El sistema convierte las medidas en porcentajes (basado en la meta y la medida alcanzada o el número de logros totales y alcanzados).</value>
 </row>
 <row id="113" trl="Y">
  <value column="Name" original="Request Setup">Definición de Solicitudes</value>
  <value column="Description" original="Set up the client to process requests">Definir Procesamiento de Solicitudes para el Grupo Empresarial</value>
  <value column="Help" original=""/>
 </row>
 <row id="114" trl="Y">
  <value column="Name" original="Requisition Setup">Instalar Solicitudes</value>
  <value column="Description" original=""/>
  <value column="Help" original=""/>
 </row>
 <row id="115" trl="Y">
  <value column="Name" original="Process_Requisition">Proceso Requisición</value>
  <value column="Description" original="(Standard Process_Requisition)"/>
  <value column="Help" original=""/>
 </row>
 <row id="116" trl="Y">
  <value column="Name" original="Process_Order">Proceso Órdenes</value>
  <value column="Description" original="(Standard Process Order)">(Proceso de Órdenes Estándar)</value>
  <value column="Help" original=""/>
 </row>
 <row id="117" trl="Y">
  <value column="Name" original="Process_Shipment">Proceso Transporte</value>
  <value column="Description" original="(Standard Process Shipment)">(Proceso de envío Estándar)</value>
  <value column="Help" original=""/>
 </row>
 <row id="118" trl="Y">
  <value column="Name" original="Process_Invoice">Proceso Factura</value>
  <value column="Description" original="(Standard Process Invoice)">(Proceso de Factura Estándar)</value>
  <value column="Help" original=""/>
 </row>
 <row id="119" trl="Y">
  <value column="Name" original="Process_Cash">Proceso Efectivo</value>
  <value column="Description" original="(Standard Process Cash)">(Proceso Estandar Efectivo)</value>
  <value column="Help" original=""/>
 </row>
 <row id="120" trl="Y">
  <value column="Name" original="Process_Payment">Proceso Pagos</value>
  <value column="Description" original="(Standard Process Payment)">(Proceso de Pagos Estándar)</value>
  <value column="Help" original=""/>
 </row>
 <row id="121" trl="Y">
  <value column="Name" original="Process_Journal">Proceso Diario</value>
  <value column="Description" original="(Standard Process Journal)">(Proceso Estandár Diario)</value>
  <value column="Help" original=""/>
 </row>
 <row id="122" trl="Y">
  <value column="Name" original="Process_JournalBatch">Proceso Diario Remesa</value>
  <value column="Description" original="(Standard Process Jornal Batch)">(Proceso Diario de Remesa EsStandard Process Jornal Batch)</value>
  <value column="Help" original=""/>
 </row>
 <row id="123" trl="Y">
  <value column="Name" original="Process_RMA">Proceso ADM (RMA)</value>
  <value column="Description" original="(Standard Process_RMA)">(Proceso estándar de ADM (RMA)</value>
  <value column="Help" original=""/>
 </row>
 <row id="124" trl="Y">
  <value column="Name" original="Process_InOutConfirm">Proceso Confirmación Entradas/Salidas</value>
  <value column="Description" original="(Standard Process Confirmation)">(Proceso estándar de Confirmaciones)</value>
  <value column="Help" original=""/>
 </row>
 <row id="125" trl="Y">
  <value column="Name" original="Process_Allocation">Proceso Asignación</value>
  <value column="Description" original="(Standard Process Allocation)">(Proceso Estándar de Asignación)</value>
  <value column="Help" original=""/>
 </row>
 <row id="126" trl="Y">
  <value column="Name" original="Process_TimeExpense">Proceso Tiempo Utiliza</value>
  <value column="Description" original="(Standard Process Time Expense)">(Proceso estándar del tiempo que se utiliza)</value>
  <value column="Help" original=""/>
 </row>
 <row id="127" trl="Y">
  <value column="Name" original="Process_Inventory">Proceso de Inventarios</value>
  <value column="Description" original="(Standard Process Inventory)">(Proceso estándar de Inventarios)</value>
  <value column="Help" original=""/>
 </row>
 <row id="128" trl="Y">
  <value column="Name" original="Process_Movement">Proceso de movimientos</value>
  <value column="Description" original="(Standard Process Movement)">(Proceso Estandar de movimientos)</value>
  <value column="Help" original=""/>
 </row>
 <row id="129" trl="Y">
  <value column="Name" original="Process_MovementConfirm">Proceso de Confirmación de movimientos</value>
  <value column="Description" original="(Standard Process Movement Confirmation)">(Proceso estándar de Confirmación de movimientos)</value>
  <value column="Help" original=""/>
 </row>
 <row id="130" trl="Y">
  <value column="Name" original="Process_BankStatement">Proceso de Estado de Cuenta</value>
  <value column="Description" original="(Standard Process Bank Statement)">(Proceso Estandar de Estado de Cuenta)</value>
  <value column="Help" original=""/>
 </row>
 <row id="131" trl="Y">
  <value column="Name" original="Business Partner Approval">Aprobación Tercero</value>
  <value column="Description" original="Example Document based workflow">Documento ejemplo basado en un flujo de trabajo</value>
  <value column="Help" original="When a new Business Partner is created, it is forwarded for review and credit check.">Cuando un nuevo tercero es creado, éste es notificado para revisión y chequeo de crédito</value>
 </row>
 <row id="50000" trl="Y">
  <value column="Name" original="Manufacturing Management Setup">Configuración Administración Manufactura</value>
  <value column="Description" original="Setup Manufacturing Management">Configuración Administración Manufactura</value>
  <value column="Help" original="This workflow defines the Manufacturing Management and the supporting rules.">Este flujo de trabajo define las reglas que soportan la administración de la manufactura.</value>
 </row>
 <row id="50001" trl="Y">
  <value column="Name" original="Manufacturing Workflow Setup">Configuración Manufactura</value>
  <value column="Description" original="Setup Manufacturing Workflow">Configuración Manufactura</value>
  <value column="Help" original="This workflow defines the Manufacturing Workflow  Setup">Este flujo de trabajo define la configuración de manufactura</value>
 </row>
 <row id="50002" trl="Y">
  <value column="Name" original="Bill of Material &amp; Formula Setup">Configuración Listas de Materiales y Fórmula</value>
  <value column="Description" original="Setup Bill of Material &amp; Formula">Configuración Listas de Materiales y Fórmula</value>
  <value column="Help" original="This workflow defines the Bill of Material &amp; Formula">Este flujo de trabajo define Configuración Listas de Materiales y Fórmula</value>
 </row>
 <row id="50003" trl="Y">
  <value column="Name" original="Planning Management Setup">Configuración Administración Planeación</value>
  <value column="Description" original="Setup Planning Management">Configuración Administración Planeación</value>
  <value column="Help" original="Before the production processes can be done, it is necessary to plan the activities which must be accomplished to assure the products can be gotten at the right time in order not to remain a long time in the warehouse, or at the contrary, to cause delays in shipments because components shortages in the manufacturing order.&#10;&#10;Another subject to take into account are the production cost and the capacity of shipping good quality products.&#10;&#10;Using Planning Management you answer the question: When and How Many products we must get?">Antes de hacer el proceso de producción es necesario planear las actividades que deben ser logradas para asegurar que los producdtos pueden obtenerse en el momento correcto para no mantenerlos largo tiempo en el almacén, o por el contrario, causar demoras en los despachos por escasez de componentes en la orden de manufactura.

Otro aspecto a tener en cuenta son los costos de producción y la capacidad de despachar productos de buena calidad.

Usando Administración de Planeación contesta la siguiente pregunta: ¿Cuándo y Cuántos productos debemos obtener?</value>
 </row>
 <row id="50004" trl="Y">
  <value column="Name" original="Material Requirement Planning Setup">Configuración Planeación Requerimientos de Materiales (MRP)</value>
  <value column="Description" original="MRP is a set of techniques which uses Bills of Material, Inventory Data, and the Master Production Schedule to calculate requirements for materials.">MRP es un conjunto de técnicas que usan las listas de materiales, datos de inventarios, y el plan maestro de producción para calcular requerimientos de materiales.</value>
  <value column="Help" original="MRP is a set of techniques which uses Bills of Material, Inventory Data, and the Master Production Schedule to calculate requirements for materials. It create planned orders to balance demand ans supply for products and it issues recommendations to receipt material with the right quantities and at the right dates to satisfy the Master Production Schedule in the most efficient way.">MRP es un conjunto de técnicas que usan las listas de materiales, datos de inventarios, y el plan maestro de producción para calcular requerimientos de materiales. Este crea órdenes planeadas de productos para balancear la demanda con la oferta y emite recomendaciones para recibir materiales con las cantidades correctas y en las fechas apropiadas para satisfacer el Plan Maestro de Producción en la forma más eficiente.</value>
 </row>
 <row id="50005" trl="Y">
  <value column="Name" original="Capacity Requirement Planning Setup">Configuración Planeación Requerimientos de Capacidad (CRP)</value>
  <value column="Description" original="The process of Capacity Plan Calculation allows us to know the available time in each manufacturing resource, as well as the required time to satisfy the Master Production Schedule.">El procesos Planeación Requerimientos de Capacidad nos permite conocer el tiempo disponible en cada recurso de manufactura, así como el tiempo requerido para satisfacer el Plan Maestro de Producción.</value>
  <value column="Help" original="It is a set of techniques which uses the planned orders by MRP, open manufacturing orders, manufacturing resources and the work-flows to calculate the required time for each resource along with the available time. With this information, we are able to balance the time demand with the available time. Through the knowledge of the required and available capacities it is possible to adjust the Master Production Schedule(MPS) until we arrive at a realistic one.">Es un conjunto de técnicas que usan las órdenes planeadas por el MRP, orden de manufactura abiertas, recursos de manufactura y los flujos de trabajo para calcular el tiempo requerido para cada recurso así como el tiempo disponible. Con esta información, podemos balancear el tiempo demandado con el tiempo disponible. Con el conocimiento de las capacidades disponibles y requeridas es posible ajustar el Plan Maestro de Producción (MPS) hasta llegar a uno realista.</value>
 </row>
 <row id="50006" trl="Y">
  <value column="Name" original="Distribution Resource Planning Setup">Configuración Planeación Distribución de Recursos (DRP)</value>
  <value column="Description" original="is a method used in business administration for planning orders within a supply chain. DRP enables the user to set certain inventory control parameters (like a safety stock) and calculate the time-phased inventory requirements.">DRP es usado en administración para planeación de órdenes en una cadena de suministro. DRP permite al usuario fijar ciertos parámetros de control de inventarios (ej: existencia de seguridad) y calcular los requerimientos de inventarios por fases de tiempo</value>
  <value column="Help" original="is a method used in business administration for planning orders within a supply chain. DRP enables the user to set certain inventory control parameters (like a safety stock) and calculate the time-phased inventory requirements.">Es un método usado en administración de negocios para planeación de órdenes dentro de una cadena de suministro. DRP habilita al usuario para fijar ciertos parámetros de control de inventarios (como una existencia de seguridad) y calcular los requerimientos de inventarios por fases de tiempo.</value>
 </row>
 <row id="50007" trl="Y">
  <value column="Name" original="Discrete Manufacturing Setup">Configuración Manufactura Discreta</value>
  <value column="Description" original="Once the production planning process is completed, the production control process let us to check the execution activities in order to be sure we can reach the material plan.">Una vez que el proceso de planeación de producción se completa el proceso de control de producción nos permite chequear la ejecución de actividades para asegurar que alcanzamos el plan de materiales.</value>
  <value column="Help" original="Once the production planning process is completed, the production control process let us to check the execution activities in order to be sure we can reach the material plan.&#10;&#10;Each time you need to release an order you need to be sure the components are complete in the warehouse, this is obtained by tracking the release and due dates for every component, this is easy to get using the shortages reports and from this module.&#10;&#10;This module mainly answer the question:&#10;&#10;What do I need to do to accomplish the&#10;MPS?&#10;&#10;If you cannot cover the MPS as you had planned, this module gives you information needed to decrease the effect on the costs and on the customer service.">Una vez que el proceso de planeación de producción se completa el proceso de control de producción nos permite chequear la ejecución de actividades para asegurar que alcanzamos el plan de materiales.

Cada vez que necesita liberar una orden, debe asegurarse que los componentes estén completos en el almacén, esto es logrado siguiendo las fechas de vencimiento y liberación para cada componente, esto es sencillo de obtener usando los reportes de escasez y desde este módulo.

Este módulo principalmente responde la pregunta: ¿Qué debo hacer para cumplir el Plan Maestro de Producción?

Si no puede cubrir el MPS como fue planeado, este módulo le brinda la información requerida para disminuir el efecto en los costos y en el servicio al cliente.</value>
 </row>
 <row id="50008" trl="Y">
  <value column="Name" original="Process_Manufacturing_Order">Proceso Orden Manufactura</value>
  <value column="Description" original="(Standard Process Manufacturing Order)">(Proceso Estándar Orden Manufactura)</value>
  <value column="Help" original=""/>
 </row>
 <row id="50009" trl="Y">
  <value column="Name" original="Process_CostCollector">Proceso Colector de Costos</value>
  <value column="Description" original="(Standard Process Manufacturing Cost Collector)">(Proceso Estándar Colector de Costos de Manufactura)</value>
  <value column="Help" original=""/>
 </row>
 <row id="50010" trl="Y">
  <value column="Name" original="Distribution Management Setup">Configuración Administración Distribución</value>
  <value column="Description" original="Setup Distribution Management">Configuración Administración Distribución</value>
  <value column="Help" original=""/>
 </row>
 <row id="50011" trl="Y">
  <value column="Name" original="Process_Distribution_Order">Proceso Orden Distribución</value>
  <value column="Description" original="(Standard Process Distribution Order)">(Proceso Estándar Orden Distribución)</value>
  <value column="Help" original=""/>
 </row>
 <row id="50012" trl="Y">
  <value column="Name" original="Setup Replication">Configuración Replicación</value>
  <value column="Description" original="Setup of data replication">Configuración Datos Replicación</value>
  <value column="Help" original="Data Replication allows you to synchronize data of remote instances with a central office.  All actions are initialized from the central office.&lt;p&gt;&#10;&lt;b&gt;Central System:&lt;/b&gt;&lt;br&gt;&#10;- setup system with all organizations, roles, etc.&lt;br&gt;&#10;- run the migration to make sure that it is up-to-date&lt;br&gt;&#10;- export the central system&lt;br&gt;&#10;&lt;p&gt;&#10;&lt;b&gt;Remote System:&lt;/b&gt;&#10;- install the exact version as Central System&lt;br&gt;&#10;- import data from Central System in the remote locations&lt;br&gt;&#10;&lt;p&gt;&#10;&lt;b&gt;Central System:&lt;/b&gt;&#10;- Replication Strategy&lt;br&gt;&#10;- Define Export Format&lt;br&gt;&#10;- Config Export Processor&lt;br&gt;&#10;- Start JMS Server&lt;br&gt;&#10;&lt;p&gt;&#10;** Enter Transactions **&#10;&lt;p&gt;&#10;&lt;b&gt;Remote System:&lt;/b&gt;&lt;br&gt;&#10;- Config Import Processor&lt;br&gt;"><![CDATA[Replicación de Datos permite sincronizar datos de instancias remotas con una oficina central.  Todas las acciones son inicializadas desde la oficina central.<p>
<b>Sistema Central:</b><br>
- configurar el sistema con todas las organizaciones, roles, etc.<br>
- correr la migración para asegurarse que esté actualizada<br>
- exportar el sistema central<br>
<p>
<b>Sistema Remoto:</b>
- instalar la versión exacta del sistema central<br>
- importar datos del sistema central en la localización remota<br>
<p>
<b>Sistema Central:</b>
- Estrategia de Replicación<br>
- Definir Formato Exportación<br>
- Configurar Procesador Exportación<br>
- Iniciar el servidor JMS<br>
<p>
** Ingresar Transacciones **
<p>
<b>Sistema Remoto:</b><br>
- Configurar Procesador Importación<br>]]></value>
 </row>
 <row id="50013" trl="Y">
  <value column="Name" original="Process_Payroll">Proceso Nómina</value>
  <value column="Description" original="(Standard Process Payroll)">(Proceso Estándar de Nómina)</value>
  <value column="Help" original=""/>
 </row>
 <row id="50014" trl="Y">
  <value column="Name" original="Setup Human Resource &amp; Payroll">Configuración de Recursos Humanos y Nómina</value>
  <value column="Description" original="Setup Human Resource &amp; Payroll">Configuración de Recursos Humanos y Nómina</value>
  <value column="Help" original=""/>
 </row>
 <row id="50015" trl="Y">
  <value column="Name" original="Patio Chair">Silla Patio</value>
  <value column="Description" original="Routing for Assembly the Patio Chair">Enrutamiento para ensamblar la silla Patio</value>
  <value column="Help" original=""/>
 </row>
 <row id="50016" trl="Y">
  <value column="Name" original="Lawn Fertilizer">Fertilizante de Césped</value>
  <value column="Description" original=""/>
  <value column="Help" original=""/>
 </row>
 <row id="50017" trl="Y">
  <value column="Name" original="Fertilizer Packing Process">Proceso Empaque Fertilizante</value>
  <value column="Description" original="Production Line to Packing the Fertilizer Bag 50 and 70 kg ">Línea de Producción para empacar las bolsas de fertilizante de 50 y 70kg</value>
  <value column="Help" original=""/>
 </row>
 <row id="50018" trl="Y">
  <value column="Name" original="Patio Furniture Set">Conjunto Muebles Patio</value>
  <value column="Description" original=""/>
  <value column="Help" original=""/>
 </row>
 <row id="50020" trl="Y">
  <value column="Name" original="Process_Asset_Adition">Proceso Adición Activo</value>
  <value column="Description" original=""/>
  <value column="Help" original=""/>
 </row>
 <row id="50021" trl="Y">
  <value column="Name" original="Process_Asset_Disposed">Proceso Baja Activo</value>
  <value column="Description" original=""/>
  <value column="Help" original=""/>
 </row>
 <row id="50022" trl="Y">
  <value column="Name" original="Process_Asset_Transfer">Proceso Transferir Activo</value>
  <value column="Description" original=""/>
  <value column="Help" original=""/>
 </row>
 <row id="50023" trl="Y">
  <value column="Name" original="Process_Asset_Reval">Proceso Reval Activo</value>
  <value column="Description" original=""/>
  <value column="Help" original=""/>
 </row>
 <row id="50024" trl="Y">
  <value column="Name" original="Process Asset Depreciation Entry">Proceso Entrada Depreciación Activo</value>
  <value column="Description" original=""/>
  <value column="Help" original=""/>
 </row>
 <row id="200002" trl="Y">
  <value column="Name" original="Process_Production">Proceso Producción</value>
  <value column="Description" original=""/>
  <value column="Help" original=""/>
 </row>
</idempiereTrl>
