<?xml version="1.0" encoding="UTF-8" standalone="no"?>
<!--iDempiere(r) Release 3.1_2015-10-31 -Smart Suite ERP, CRM and SCM- (c) 1999-2013 iDempiere(r); Implementation: iDempiere - Supported by iDempiere community--><!--<!DOCTYPE idempiereTrl PUBLIC "-//ComPiere, Inc.//DTD iDempiere Translation 1.0//EN" "http://www.idempiere.com/dtd/idempiereTrl.dtd">--><idempiereTrl language="es_NI" table="C_Campaign">
 <row id="101" trl="N">
  <value column="Name" original="Standard">Standard</value>
  <value column="Description" original=""/>
 </row>
 <row id="102" trl="N">
  <value column="Name" original="Spring Mailer">Spring Mailer</value>
  <value column="Description" original="Brochure Mailing for Spring">Brochure Mailing for Spring</value>
 </row>
 <row trl="Y" uuid="dda3e6eb-2489-4ca0-aa44-3b8062a28732">
  <value column="Name" original="Estándar">Estándar</value>
  <value column="Description" original=""/>
 </row>
</idempiereTrl>
