<?xml version="1.0" encoding="UTF-8" standalone="no"?>
<!--iDempiere(r) Release 3.1_2015-10-31 -Smart Suite ERP, CRM and SCM- (c) 1999-2013 iDempiere(r); Implementation: iDempiere - Supported by iDempiere community--><!--<!DOCTYPE idempiereTrl PUBLIC "-//ComPiere, Inc.//DTD iDempiere Translation 1.0//EN" "http://www.idempiere.com/dtd/idempiereTrl.dtd">--><idempiereTrl language="es_NI" table="C_Charge">
 <row id="100" trl="Y">
  <value column="Name" original="Bank Charge">Cargo Bancario</value>
  <value column="Description" original=""/>
 </row>
 <row id="101" trl="Y">
  <value column="Name" original="Commissions Paid">Comisiones Pagadas</value>
  <value column="Description" original=""/>
 </row>
 <row trl="Y" uuid="d7b0075c-cc5c-4b04-b58b-b94ca9744bce">
  <value column="Name" original="GVD - Servicios Profesionales">GVD - Servicios Profesionales</value>
  <value column="Description" original=""/>
 </row>
 <row trl="Y" uuid="ff3c7eeb-790b-4554-b083-9aa9a904f197">
  <value column="Name" original="GVD - Energia Electrica">GVD - Energia Electrica</value>
  <value column="Description" original=""/>
 </row>
 <row trl="Y" uuid="418f756e-0915-4464-bda9-5d14171cc68d">
  <value column="Name" original="GVD - Agua Potable">GVD - Agua Potable</value>
  <value column="Description" original=""/>
 </row>
 <row trl="Y" uuid="95a80ad5-7ab5-48a3-bd9f-8dd6e5e2a5eb">
  <value column="Name" original="GVD - Telefono">GVD - Telefono</value>
  <value column="Description" original=""/>
 </row>
 <row trl="Y" uuid="434959fb-19b1-4396-a7b8-bb964159b0e9">
  <value column="Name" original="GVD - Papeleria y Utiles de Oficina">GVD - Papeleria y Utiles de Oficina</value>
  <value column="Description" original=""/>
 </row>
 <row trl="Y" uuid="25194917-5d39-43cf-ad20-0287dac53d35">
  <value column="Name" original="GVD - Utiles y Aseo de Limpieza">GVD - Utiles y Aseo de Limpieza</value>
  <value column="Description" original=""/>
 </row>
 <row trl="Y" uuid="a38a9b8f-d284-429a-9eb6-c0c5bc3eb994">
  <value column="Name" original="GVD - Alquileres">GVD - Alquileres</value>
  <value column="Description" original=""/>
 </row>
 <row trl="Y" uuid="4053a08b-a6f2-4a4b-8afc-a4ccaeb3d216">
  <value column="Name" original="GVD - Mantenimiento de Equipo Rodante">GVD - Mantenimiento de Equipo Rodante</value>
  <value column="Description" original=""/>
 </row>
 <row trl="Y" uuid="31f5d613-37d1-4209-8f84-630099bb1cbc">
  <value column="Name" original="GVD - Alcaldia">GVD - Alcaldia</value>
  <value column="Description" original=""/>
 </row>
 <row trl="Y" uuid="cea0de10-f8fc-4113-9019-f9e23f617a80">
  <value column="Name" original="GVD - Comunicación">GVD - Comunicación</value>
  <value column="Description" original=""/>
 </row>
 <row trl="Y" uuid="2dcca222-1936-4c77-9773-76e6a45d4870">
  <value column="Name" original="GVD - Combustible y Lubricantes">GVD - Combustible y Lubricantes</value>
  <value column="Description" original=""/>
 </row>
 <row trl="Y" uuid="ab9c2b63-80fb-4262-aca1-8a5a87e06a2c">
  <value column="Name" original="GVD - Atencion al Cliente">GVD - Atencion al Cliente</value>
  <value column="Description" original=""/>
 </row>
 <row trl="Y" uuid="682ab6f4-79fb-4e6f-bd07-010052863f9a">
  <value column="Name" original="GVD - Varios">GVD - Varios</value>
  <value column="Description" original=""/>
 </row>
 <row trl="Y" uuid="24c01990-926b-40ea-be8e-4590843dc438">
  <value column="Name" original="GVD - Consumo de Insumos de Computo">GVD - Consumo de Insumos de Computo</value>
  <value column="Description" original=""/>
 </row>
 <row trl="Y" uuid="48507a90-7883-4b06-8ee8-6c299121b0aa">
  <value column="Name" original="GVD - Utiles y Herramientas de Trabajo">GVD - Utiles y Herramientas de Trabajo</value>
  <value column="Description" original=""/>
 </row>
 <row trl="Y" uuid="226b7679-4fcd-40da-8594-4aabfed3e518">
  <value column="Name" original="GAD - Servicios Profesionales">GAD - Servicios Profesionales</value>
  <value column="Description" original=""/>
 </row>
 <row trl="Y" uuid="c39faf6d-81c8-430e-9bc0-f1636c6c382c">
  <value column="Name" original="520216 Alquileres">520216 Alquileres</value>
  <value column="Description" original=""/>
 </row>
 <row trl="Y" uuid="1ec3fa60-1b1f-479f-8794-40d2fe328b73">
  <value column="Name" original="520220 Mantenimiento de Equipo Rodante">520220 Mantenimiento de Equipo Rodante</value>
  <value column="Description" original=""/>
 </row>
 <row trl="Y" uuid="e8b75dc8-6cfa-467b-bc37-de0d7ee944a8">
  <value column="Name" original="520224 Comunicaci�n">520224 Comunicaci�n</value>
  <value column="Description" original=""/>
 </row>
 <row trl="Y" uuid="ae942bea-a50a-4785-a7ad-44c5cb860f86">
  <value column="Name" original="520225 Combustible y Lubricantes">520225 Combustible y Lubricantes</value>
  <value column="Description" original=""/>
 </row>
 <row trl="Y" uuid="6de7a2d4-7a83-4ff1-85d3-01bfa9726d6f">
  <value column="Name" original="520234 Varios">520234 Varios</value>
  <value column="Description" original=""/>
 </row>
 <row trl="Y" uuid="076223c6-e430-4a4d-ae96-383ee8817955">
  <value column="Name" original="520239 Gastos Medicos">520239 Gastos Medicos</value>
  <value column="Description" original=""/>
 </row>
 <row trl="Y" uuid="de24ddf8-206f-44e2-8026-1a009c654b01">
  <value column="Name" original="GVD - Viatico">GVD - Viatico</value>
  <value column="Description" original=""/>
 </row>
 <row trl="N" uuid="2ece2dc3-efc2-4421-b06d-7bea76cc49a7">
  <value column="Name" original="Consumo_Toner">Consumo_Toner</value>
  <value column="Description" original=""/>
 </row>
</idempiereTrl>
