<?xml version="1.0" encoding="UTF-8" standalone="no"?>
<!--iDempiere(r) Release 3.1_2015-10-31 -Smart Suite ERP, CRM and SCM- (c) 1999-2013 iDempiere(r); Implementation: iDempiere - Supported by iDempiere community--><!--<!DOCTYPE idempiereTrl PUBLIC "-//ComPiere, Inc.//DTD iDempiere Translation 1.0//EN" "http://www.idempiere.com/dtd/idempiereTrl.dtd">--><idempiereTrl language="es_NI" table="C_DocType">
 <row id="0" trl="Y">
  <value column="Name" original="** New **">** Nuevo **</value>
  <value column="PrintName" original="** New **">** Nuevo **</value>
  <value column="DocumentNote" original="** NO INVOICE **">** NO HAY FACTURA AUN **</value>
 </row>
 <row id="115" trl="Y">
  <value column="Name" original="GL Journal">Nota de Contabilidad</value>
  <value column="PrintName" original="Journal">Nota de Contabilidad</value>
  <value column="DocumentNote" original=""/>
 </row>
 <row id="116" trl="Y">
  <value column="Name" original="AR Invoice">Factura de CxC</value>
  <value column="PrintName" original="Invoice">Factura CxC</value>
  <value column="DocumentNote" original="Document Type Note for general and promotional text.">Nota de tipo de documento para texto general y promocional</value>
 </row>
 <row id="117" trl="Y">
  <value column="Name" original="AR Invoice Indirect">Facturas de CxC indirecta</value>
  <value column="PrintName" original="Invoice">Factura CxC Indirecta</value>
  <value column="DocumentNote" original="Document Type Note for general and promotional text.">Nota de tipo de documento para texto general y promocional</value>
 </row>
 <row id="118" trl="Y">
  <value column="Name" original="AR Credit Memo">Nota Crédito CxC</value>
  <value column="PrintName" original="Credit Memo">Nota Crédito CxC</value>
  <value column="DocumentNote" original=""/>
 </row>
 <row id="119" trl="Y">
  <value column="Name" original="AR Receipt">Comprobante de Ingreso</value>
  <value column="PrintName" original="Receipt">Comprobante de Ingreso</value>
  <value column="DocumentNote" original=""/>
 </row>
 <row id="120" trl="Y">
  <value column="Name" original="MM Shipment">Entrega de Productos</value>
  <value column="PrintName" original="Delivery Note">Nota de Entrega</value>
  <value column="DocumentNote" original=""/>
 </row>
 <row id="121" trl="Y">
  <value column="Name" original="MM Shipment Indirect">Entrega de Productos Indirecto</value>
  <value column="PrintName" original="Delivery Note">Nota Entrega</value>
  <value column="DocumentNote" original=""/>
 </row>
 <row id="122" trl="Y">
  <value column="Name" original="MM Receipt">Recepción de Productos</value>
  <value column="PrintName" original="Vendor Delivery">Envío Proveedor</value>
  <value column="DocumentNote" original=""/>
 </row>
 <row id="123" trl="Y">
  <value column="Name" original="AP Invoice">Factura de CxP</value>
  <value column="PrintName" original="Vendor Invoice">Factura de CxP</value>
  <value column="DocumentNote" original=""/>
 </row>
 <row id="124" trl="Y">
  <value column="Name" original="AP CreditMemo">Nota Crédito Proveedor</value>
  <value column="PrintName" original="Vendor Credit Memo">Nota Crédito Proveedor</value>
  <value column="DocumentNote" original=""/>
 </row>
 <row id="125" trl="Y">
  <value column="Name" original="AP Payment">Comprobante de Egreso</value>
  <value column="PrintName" original="Vendor Payment">Comprobante de Egreso</value>
  <value column="DocumentNote" original=""/>
 </row>
 <row id="126" trl="Y">
  <value column="Name" original="Purchase Order">Orden de compra</value>
  <value column="PrintName" original="Purchase Order">Orden de compra</value>
  <value column="DocumentNote" original=""/>
 </row>
 <row id="127" trl="Y">
  <value column="Name" original="Purchase Requisition">Requisición de compra</value>
  <value column="PrintName" original="Purchase Requisition">Requisición de compra</value>
  <value column="DocumentNote" original=""/>
 </row>
 <row id="128" trl="Y">
  <value column="Name" original="Quotation">Cotización</value>
  <value column="PrintName" original="Quotation">Cotización</value>
  <value column="DocumentNote" original=""/>
 </row>
 <row id="129" trl="Y">
  <value column="Name" original="Proposal">Propuesta</value>
  <value column="PrintName" original="Proposal">Propuesta</value>
  <value column="DocumentNote" original=""/>
 </row>
 <row id="130" trl="Y">
  <value column="Name" original="Prepay Order">Orden Prepagada</value>
  <value column="PrintName" original="Prepay Order">Orden Prepagada</value>
  <value column="DocumentNote" original=""/>
 </row>
 <row id="131" trl="Y">
  <value column="Name" original="Customer Return Material">Retorno de material</value>
  <value column="PrintName" original="Customer Return Material Authorization">Autorización de Retorno de Material</value>
  <value column="DocumentNote" original=""/>
 </row>
 <row id="132" trl="Y">
  <value column="Name" original="Standard Order">Orden Estandar</value>
  <value column="PrintName" original="Order Confirmation">Confirmación de orden</value>
  <value column="DocumentNote" original=""/>
 </row>
 <row id="133" trl="Y">
  <value column="Name" original="On Credit Order">Orden a Crédito</value>
  <value column="PrintName" original="Order Confirmation">Confirmación de orden</value>
  <value column="DocumentNote" original=""/>
 </row>
 <row id="134" trl="Y">
  <value column="Name" original="Warehouse Order">Orden de Almacén</value>
  <value column="PrintName" original="Order Confirmation">Confirmación de orden</value>
  <value column="DocumentNote" original=""/>
 </row>
 <row id="135" trl="Y">
  <value column="Name" original="POS Order">Orden Punto de Venta</value>
  <value column="PrintName" original="Order Confirmation">Confirmación de orden</value>
  <value column="DocumentNote" original=""/>
 </row>
 <row id="136" trl="Y">
  <value column="Name" original="Project Issue">Tópico Proyecto</value>
  <value column="PrintName" original="Project Issue">Tópico Proyecto</value>
  <value column="DocumentNote" original=""/>
 </row>
 <row id="137" trl="Y">
  <value column="Name" original="Payment Allocation">Asignación de pago/recaudo</value>
  <value column="PrintName" original="Payment Allocation">Asignación de pago/recaudo</value>
  <value column="DocumentNote" original=""/>
 </row>
 <row id="138" trl="Y">
  <value column="Name" original="Match Invoice">Asignación de Factura</value>
  <value column="PrintName" original="Match Invoice">Asignación de Factura</value>
  <value column="DocumentNote" original=""/>
 </row>
 <row id="139" trl="Y">
  <value column="Name" original="Material Production">Producción de Material</value>
  <value column="PrintName" original="Material Production">Producción de material</value>
  <value column="DocumentNote" original=""/>
 </row>
 <row id="140" trl="Y">
  <value column="Name" original="GL Document">Documento de Contabilidad General</value>
  <value column="PrintName" original="GL Document">Documento de contabilidad general</value>
  <value column="DocumentNote" original=""/>
 </row>
 <row id="141" trl="Y">
  <value column="Name" original="Cash Journal">Diario Caja PDV</value>
  <value column="PrintName" original="Cash Journal">Diario Caja PDV</value>
  <value column="DocumentNote" original=""/>
 </row>
 <row id="142" trl="Y">
  <value column="Name" original="Match PO">Asignación de Orden de Compra</value>
  <value column="PrintName" original="Match PO">Asignación de Orden de Compra</value>
  <value column="DocumentNote" original=""/>
 </row>
 <row id="143" trl="Y">
  <value column="Name" original="Material Movement">Movimiento de Material</value>
  <value column="PrintName" original="Material Movement">Movimiento de material</value>
  <value column="DocumentNote" original=""/>
 </row>
 <row id="144" trl="Y">
  <value column="Name" original="Material Physical Inventory">Inventario Físico de Material</value>
  <value column="PrintName" original="Material Physical Inventory">Inventario Físico de Material</value>
  <value column="DocumentNote" original=""/>
 </row>
 <row id="145" trl="Y">
  <value column="Name" original="AR Pro Forma Invoice">Factura ProForma CxC</value>
  <value column="PrintName" original="AR Pro Forma Invoice">Factura ProForma CxC</value>
  <value column="DocumentNote" original=""/>
 </row>
 <row id="146" trl="Y">
  <value column="Name" original="Bank Statement">Extracto Bancario</value>
  <value column="PrintName" original="Bank Statement">Extracto Bancario</value>
  <value column="DocumentNote" original=""/>
 </row>
 <row id="147" trl="Y">
  <value column="Name" original="MM Receipt with Confirmation">Recibo de Productos con Confirmación</value>
  <value column="PrintName" original="Vendor Delivery">Envío Proveedor</value>
  <value column="DocumentNote" original=""/>
 </row>
 <row id="148" trl="Y">
  <value column="Name" original="MM Shipment with Pick">Entrega Productos con Recogida</value>
  <value column="PrintName" original="Delivery Note">Nota de Entrega</value>
  <value column="DocumentNote" original=""/>
 </row>
 <row id="149" trl="Y">
  <value column="Name" original="MM Customer Return">Devolución Productos Cliente</value>
  <value column="PrintName" original="Return Material">Devolución Productos Cliente</value>
  <value column="DocumentNote" original=""/>
 </row>
 <row id="150" trl="Y">
  <value column="Name" original="Vendor Return Material">Devolución Productos Proveedor</value>
  <value column="PrintName" original="Vendor Return Material Authorization">Autorización de devolución de productos proveedor</value>
  <value column="DocumentNote" original=""/>
 </row>
 <row id="151" trl="Y">
  <value column="Name" original="MM Vendor Return">Retorno Productos Proveedor</value>
  <value column="PrintName" original="Vendor Return Material">Retorno Productos Proveedor</value>
  <value column="DocumentNote" original=""/>
 </row>
 <row id="50000" trl="Y">
  <value column="Name" original="Payroll">Nómina</value>
  <value column="PrintName" original="Payroll">Nómina</value>
  <value column="DocumentNote" original=""/>
 </row>
 <row id="50001" trl="Y">
  <value column="Name" original="GL Journal Batch">Lote de Notas Contables</value>
  <value column="PrintName" original="Journal Batch">Lote de Notas Contables</value>
  <value column="DocumentNote" original=""/>
 </row>
 <row id="50002" trl="Y">
  <value column="Name" original="Manufacturing Order">Orden de Manufactura</value>
  <value column="PrintName" original="Manufacturing Order">Orden de Manufactura</value>
  <value column="DocumentNote" original=""/>
 </row>
 <row id="50010" trl="Y">
  <value column="Name" original="Maintenance Order">Orden de Mantenimiento</value>
  <value column="PrintName" original="Maintenance Order">Orden de Mantenimiento</value>
  <value column="DocumentNote" original=""/>
 </row>
 <row id="50011" trl="Y">
  <value column="Name" original="Quality Order">Orden de Calidad</value>
  <value column="PrintName" original="Quality Order">Orden de Calidad</value>
  <value column="DocumentNote" original=""/>
 </row>
 <row id="50012" trl="Y">
  <value column="Name" original="Distribution Order">Orden de Distribución</value>
  <value column="PrintName" original="Distribution Order">Orden de Distribución</value>
  <value column="DocumentNote" original=""/>
 </row>
 <row id="50013" trl="Y">
  <value column="Name" original="Manufacturing Cost Collector">Recolector de Costos de Manufactura</value>
  <value column="PrintName" original="Manufacturing Cost Collector">Recolector de Costos de Manufactura</value>
  <value column="DocumentNote" original=""/>
 </row>
 <row id="200000" trl="Y">
  <value column="Name" original="Internal Use Inventory">Inventario Uso Interno</value>
  <value column="PrintName" original="Internal Use Inventory">Inventario Uso Interno</value>
  <value column="DocumentNote" original=""/>
 </row>
 <row id="200001" trl="Y">
  <value column="Name" original="Asset Addition">Adición Activo</value>
  <value column="PrintName" original="Asset Addition">Adición Activo</value>
  <value column="DocumentNote" original=""/>
 </row>
 <row id="200002" trl="Y">
  <value column="Name" original="Asset Depreciation">Depreciación Activo</value>
  <value column="PrintName" original="Asset Depreciation">Depreciación Activo</value>
  <value column="DocumentNote" original=""/>
 </row>
 <row id="200003" trl="Y">
  <value column="Name" original="Asset Disposal">Desechar Activo</value>
  <value column="PrintName" original="Asset Disposal">Desechar Activo</value>
  <value column="DocumentNote" original=""/>
 </row>
 <row id="200004" trl="Y">
  <value column="Name" original="Cost Adjustment">Ajuste Costo</value>
  <value column="PrintName" original="Cost Adjustment">Ajuste Costo</value>
  <value column="DocumentNote" original=""/>
 </row>
 <row trl="Y" uuid="4da4f0fa-80a8-49cb-bce6-f7e1ffa5e292">
  <value column="Name" original="GL Journal">GL Journal</value>
  <value column="PrintName" original="Nota Contable">Nota Contable</value>
  <value column="DocumentNote" original=""/>
 </row>
 <row trl="Y" uuid="6a325d6c-c01f-4ed4-900f-cce8fc0de482">
  <value column="Name" original="GL Journal Batch">GL Journal Batch</value>
  <value column="PrintName" original="Lote de Nota Contable">Lote de Nota Contable</value>
  <value column="DocumentNote" original=""/>
 </row>
 <row trl="Y" uuid="d17947ce-91a9-4e8e-af7e-6cfa9dbb50f7">
  <value column="Name" original="AR Invoice">AR Invoice</value>
  <value column="PrintName" original="Factura">Factura</value>
  <value column="DocumentNote" original=""/>
 </row>
 <row trl="Y" uuid="d8267563-8f8a-46b1-9299-0fa0d7cb7d5a">
  <value column="Name" original="AR Invoice Indirect">AR Invoice Indirect</value>
  <value column="PrintName" original="Factura">Factura</value>
  <value column="DocumentNote" original=""/>
 </row>
 <row trl="Y" uuid="5d6f75bd-ee1d-4e6e-9e88-59256611565a">
  <value column="Name" original="AR Credit Memo">AR Credit Memo</value>
  <value column="PrintName" original="Nota de crédito">Nota de crédito</value>
  <value column="DocumentNote" original=""/>
 </row>
 <row trl="Y" uuid="a0a59ec8-ba53-4a7e-bda8-45d10ee5f0dc">
  <value column="Name" original="AP Invoice">AP Invoice</value>
  <value column="PrintName" original="Factura">Factura</value>
  <value column="DocumentNote" original=""/>
 </row>
 <row trl="Y" uuid="bcf34454-5f1d-43f9-bb43-ce80fafe0aa7">
  <value column="Name" original="AP CreditMemo">AP CreditMemo</value>
  <value column="PrintName" original="Nota de crédito">Nota de crédito</value>
  <value column="DocumentNote" original=""/>
 </row>
 <row trl="Y" uuid="9276f8eb-e307-438f-946b-5fb0a9350c16">
  <value column="Name" original="Match Invoice">Match Invoice</value>
  <value column="PrintName" original="Corresponder Factura">Corresponder Factura</value>
  <value column="DocumentNote" original=""/>
 </row>
 <row trl="Y" uuid="4bd8fb36-de20-45bd-a94e-ecfe5e210f5e">
  <value column="Name" original="AR Receipt">AR Receipt</value>
  <value column="PrintName" original="Pago">Pago</value>
  <value column="DocumentNote" original=""/>
 </row>
 <row trl="Y" uuid="990dc67a-7955-4a4d-8258-705933a7c200">
  <value column="Name" original="AP Payment">AP Payment</value>
  <value column="PrintName" original="Pago">Pago</value>
  <value column="DocumentNote" original=""/>
 </row>
 <row trl="Y" uuid="bd6935cf-142a-4934-a23d-bb38d834656f">
  <value column="Name" original="Allocation">Allocation</value>
  <value column="PrintName" original="Allocation">Allocation</value>
  <value column="DocumentNote" original=""/>
 </row>
 <row trl="Y" uuid="c38ad9f5-bc8a-44a3-a7c9-d6699a03bed8">
  <value column="Name" original="MM Shipment">MM Shipment</value>
  <value column="PrintName" original="Delivery Note">Delivery Note</value>
  <value column="DocumentNote" original=""/>
 </row>
 <row trl="Y" uuid="7448e2fb-e47b-44b5-8bb8-2ca0ce1cda3e">
  <value column="Name" original="MM Shipment Indirect">MM Shipment Indirect</value>
  <value column="PrintName" original="Delivery Note">Delivery Note</value>
  <value column="DocumentNote" original=""/>
 </row>
 <row trl="Y" uuid="7ff23218-7643-4eaa-b35d-d6faad2d346b">
  <value column="Name" original="MM Vendor Return">MM Vendor Return</value>
  <value column="PrintName" original="Vendor Return">Vendor Return</value>
  <value column="DocumentNote" original=""/>
 </row>
 <row trl="Y" uuid="f526c05f-b7ea-4199-bc1f-ebc0761af3e4">
  <value column="Name" original="MM Receipt">MM Receipt</value>
  <value column="PrintName" original="Vendor Delivery">Vendor Delivery</value>
  <value column="DocumentNote" original=""/>
 </row>
 <row trl="Y" uuid="b626be9e-0126-47a9-9ecc-575175f419a2">
  <value column="Name" original="MM Customer Return">MM Customer Return</value>
  <value column="PrintName" original="Customer Return">Customer Return</value>
  <value column="DocumentNote" original=""/>
 </row>
 <row trl="Y" uuid="36a9f575-e833-47f7-bc02-cc99787e289d">
  <value column="Name" original="Purchase Order">Purchase Order</value>
  <value column="PrintName" original="Orden de compra">Orden de compra</value>
  <value column="DocumentNote" original=""/>
 </row>
 <row trl="Y" uuid="a679222a-9a91-4a7c-9a8b-e4987d5414ef">
  <value column="Name" original="Match PO">Match PO</value>
  <value column="PrintName" original="Corresponder OC">Corresponder OC</value>
  <value column="DocumentNote" original=""/>
 </row>
 <row trl="Y" uuid="18b2b46a-f705-40d6-96b3-789c2fd2b982">
  <value column="Name" original="Purchase Requisition">Purchase Requisition</value>
  <value column="PrintName" original="Requisición">Requisición</value>
  <value column="DocumentNote" original=""/>
 </row>
 <row trl="Y" uuid="bd58f350-75d1-474c-a8c7-a2a4f92b12bb">
  <value column="Name" original="Vendor Return Material">Vendor Return Material</value>
  <value column="PrintName" original="Vendor Return Material Authorization">Vendor Return Material Authorization</value>
  <value column="DocumentNote" original=""/>
 </row>
 <row trl="Y" uuid="76cd7c29-5c76-4772-8e32-a13f1ff27ce2">
  <value column="Name" original="Bank Statement">Bank Statement</value>
  <value column="PrintName" original="Bank Statement">Bank Statement</value>
  <value column="DocumentNote" original=""/>
 </row>
 <row trl="Y" uuid="f09dcb6c-e4da-4f0c-a5a9-e04fdf056f7f">
  <value column="Name" original="Cash Journal">Cash Journal</value>
  <value column="PrintName" original="Diario Caja PDV">Diario Caja PDV</value>
  <value column="DocumentNote" original=""/>
 </row>
 <row trl="Y" uuid="16cfa41a-8203-4367-9716-885b466d2369">
  <value column="Name" original="Material Movement">Material Movement</value>
  <value column="PrintName" original="Movimiento">Movimiento</value>
  <value column="DocumentNote" original=""/>
 </row>
 <row trl="Y" uuid="ffadbaff-1ac5-483e-a4fc-454698bba81a">
  <value column="Name" original="Physical Inventory">Physical Inventory</value>
  <value column="PrintName" original="Inventario Físico">Inventario Físico</value>
  <value column="DocumentNote" original=""/>
 </row>
 <row trl="Y" uuid="0f62917b-2bae-4be2-80a4-12f475dd54b7">
  <value column="Name" original="Material Production">Material Production</value>
  <value column="PrintName" original="Producción">Producción</value>
  <value column="DocumentNote" original=""/>
 </row>
 <row trl="Y" uuid="7f414946-282f-49d7-a337-cf6a959d01cf">
  <value column="Name" original="Project Issue">Project Issue</value>
  <value column="PrintName" original="Asunto del Proyecto">Asunto del Proyecto</value>
  <value column="DocumentNote" original=""/>
 </row>
 <row trl="Y" uuid="2d63bb75-cdb2-4b7b-b504-d889908b1665">
  <value column="Name" original="Internal Use Inventory">Internal Use Inventory</value>
  <value column="PrintName" original="Internal Use Inventory">Internal Use Inventory</value>
  <value column="DocumentNote" original=""/>
 </row>
 <row trl="Y" uuid="102ab0c2-c0f4-42af-adae-64a3e7dbbd83">
  <value column="Name" original="Cost Adjustment">Cost Adjustment</value>
  <value column="PrintName" original="Cost Adjustment">Cost Adjustment</value>
  <value column="DocumentNote" original=""/>
 </row>
 <row trl="Y" uuid="c7a3bec7-d84d-455b-85fa-d6bdbd4a1246">
  <value column="Name" original="Binding offer">Binding offer</value>
  <value column="PrintName" original="Quotation">Quotation</value>
  <value column="DocumentNote" original=""/>
 </row>
 <row trl="Y" uuid="050a730f-db6d-40f8-9981-c7b18a93b95d">
  <value column="Name" original="Non binding offer">Non binding offer</value>
  <value column="PrintName" original="Proposal">Proposal</value>
  <value column="DocumentNote" original=""/>
 </row>
 <row trl="Y" uuid="eaaa2193-4424-4e82-b4a1-e7ce7e546c4d">
  <value column="Name" original="Prepay Order">Prepay Order</value>
  <value column="PrintName" original="Prepay Order">Prepay Order</value>
  <value column="DocumentNote" original=""/>
 </row>
 <row trl="Y" uuid="6f36f042-e7e1-4558-8c61-ad0bd5373253">
  <value column="Name" original="Customer Return Material">Customer Return Material</value>
  <value column="PrintName" original="Customer Return Material Authorization">Customer Return Material Authorization</value>
  <value column="DocumentNote" original=""/>
 </row>
 <row trl="Y" uuid="99d919e3-370d-48b1-ab13-77baa4707465">
  <value column="Name" original="Standard Order">Standard Order</value>
  <value column="PrintName" original="Order Confirmation">Order Confirmation</value>
  <value column="DocumentNote" original=""/>
 </row>
 <row trl="Y" uuid="b42faf49-46e4-4315-8346-71ce4c87c522">
  <value column="Name" original="Credit Order">Credit Order</value>
  <value column="PrintName" original="Order Confirmation">Order Confirmation</value>
  <value column="DocumentNote" original=""/>
 </row>
 <row trl="Y" uuid="71228a37-774a-4719-9005-a70ba76eba20">
  <value column="Name" original="Warehouse Order">Warehouse Order</value>
  <value column="PrintName" original="Order Confirmation">Order Confirmation</value>
  <value column="DocumentNote" original=""/>
 </row>
 <row trl="Y" uuid="6a7e1bfd-d639-41e5-af1c-25dc743c8ae1">
  <value column="Name" original="Manufacturing Order">Manufacturing Order</value>
  <value column="PrintName" original="Manufacturing Order">Manufacturing Order</value>
  <value column="DocumentNote" original=""/>
 </row>
 <row trl="Y" uuid="7d4635e0-91e4-413f-b33f-03c22d3b0376">
  <value column="Name" original="Manufacturing Cost Collector">Manufacturing Cost Collector</value>
  <value column="PrintName" original="Cost Collector">Cost Collector</value>
  <value column="DocumentNote" original=""/>
 </row>
 <row trl="Y" uuid="a3249e89-3d6e-41f2-b01c-898b117b15a8">
  <value column="Name" original="Maintenance Order">Maintenance Order</value>
  <value column="PrintName" original="Maintenance Order">Maintenance Order</value>
  <value column="DocumentNote" original=""/>
 </row>
 <row trl="Y" uuid="431b2e0f-7635-4172-b9f8-92713ca3bf97">
  <value column="Name" original="Quality Order">Quality Order</value>
  <value column="PrintName" original="Quality Order">Quality Order</value>
  <value column="DocumentNote" original=""/>
 </row>
 <row trl="Y" uuid="55e17795-00cc-430c-a263-af7853d0d9fc">
  <value column="Name" original="Distribution Order">Distribution Order</value>
  <value column="PrintName" original="Distribution Order">Distribution Order</value>
  <value column="DocumentNote" original=""/>
 </row>
 <row trl="Y" uuid="489ab059-4654-47c1-a292-817ea7ab9b73">
  <value column="Name" original="Payroll">Payroll</value>
  <value column="PrintName" original="Payroll">Payroll</value>
  <value column="DocumentNote" original=""/>
 </row>
 <row trl="Y" uuid="5294fd18-e93e-48af-a6dd-e57e701973c1">
  <value column="Name" original="POS Order">POS Order</value>
  <value column="PrintName" original="Order Confirmation">Order Confirmation</value>
  <value column="DocumentNote" original=""/>
 </row>
 <row trl="Y" uuid="3d6d99f7-aeaf-42e9-b4f1-1754b3824aee">
  <value column="Name" original="AR Pro Forma Invoice">AR Pro Forma Invoice</value>
  <value column="PrintName" original="AR Pro Forma Invoice">AR Pro Forma Invoice</value>
  <value column="DocumentNote" original=""/>
 </row>
 <row trl="Y" uuid="1c20abb6-4b3f-479a-8411-436496203ee4">
  <value column="Name" original="GL Document">GL Document</value>
  <value column="PrintName" original="GL Document">GL Document</value>
  <value column="DocumentNote" original=""/>
 </row>
 <row trl="Y" uuid="57785f48-dd47-4981-9a5a-b1df4cbec593">
  <value column="Name" original="Fixed Assets Disposal">Fixed Assets Disposal</value>
  <value column="PrintName" original="Fixed Assets Disposal">Fixed Assets Disposal</value>
  <value column="DocumentNote" original=""/>
 </row>
 <row trl="Y" uuid="d39733a1-7346-41f6-8a29-b78498b278bf">
  <value column="Name" original="Fixed Assets Addition">Fixed Assets Addition</value>
  <value column="PrintName" original="Fixed Assets Addition">Fixed Assets Addition</value>
  <value column="DocumentNote" original=""/>
 </row>
 <row trl="Y" uuid="40344b59-2a22-44a3-a8b2-8a724aeb0fdc">
  <value column="Name" original="Fixed Assets Depreciation">Fixed Assets Depreciation</value>
  <value column="PrintName" original="Fixed Assets Depreciation">Fixed Assets Depreciation</value>
  <value column="DocumentNote" original=""/>
 </row>
 <row trl="N" uuid="3562a05b-49c5-4233-99bc-cdea5db8bd6a">
  <value column="Name" original="Purchase Order Asset">Purchase Order Asset</value>
  <value column="PrintName" original="Orden de compra Activo">Orden de compra Activo</value>
  <value column="DocumentNote" original=""/>
 </row>
</idempiereTrl>
