<?xml version="1.0" encoding="UTF-8" standalone="no"?>
<!--iDempiere(r) Release 3.1_2015-10-31 -Smart Suite ERP, CRM and SCM- (c) 1999-2013 iDempiere(r); Implementation: iDempiere - Supported by iDempiere community--><!--<!DOCTYPE idempiereTrl PUBLIC "-//ComPiere, Inc.//DTD iDempiere Translation 1.0//EN" "http://www.idempiere.com/dtd/idempiereTrl.dtd">--><idempiereTrl language="es_NI" table="C_SalesRegion">
 <row id="101" trl="N">
  <value column="Name" original="East">East</value>
  <value column="Description" original=""/>
 </row>
 <row id="102" trl="N">
  <value column="Name" original="West">West</value>
  <value column="Description" original=""/>
 </row>
 <row trl="Y" uuid="632a3706-6e7f-4767-9e63-11de80ecf16d">
  <value column="Name" original="Estándar">Estándar</value>
  <value column="Description" original=""/>
 </row>
</idempiereTrl>
