<?xml version="1.0" encoding="UTF-8" standalone="no"?>
<!--iDempiere(r) Release 3.1_2015-10-31 -Smart Suite ERP, CRM and SCM- (c) 1999-2013 iDempiere(r); Implementation: iDempiere - Supported by iDempiere community--><!--<!DOCTYPE idempiereTrl PUBLIC "-//ComPiere, Inc.//DTD iDempiere Translation 1.0//EN" "http://www.idempiere.com/dtd/idempiereTrl.dtd">--><idempiereTrl language="es_NI" table="C_Tax">
 <row id="104" trl="Y">
  <value column="Name" original="Standard">Estándar</value>
  <value column="Description" original=""/>
  <value column="TaxIndicator" original=""/>
 </row>
 <row id="105" trl="Y">
  <value column="Name" original="CT Sales">Ventas CT</value>
  <value column="Description" original=""/>
  <value column="TaxIndicator" original="6%CT">6%CT</value>
 </row>
 <row id="106" trl="Y">
  <value column="Name" original="GST">GST</value>
  <value column="Description" original="Canadian Federal Sales Tax">Impuesto Ventas Federal Canadiense</value>
  <value column="TaxIndicator" original="GST">GST</value>
 </row>
 <row id="107" trl="Y">
  <value column="Name" original="PST">PST</value>
  <value column="Description" original="Canadian Provintial Tax">Impuesto Provincial Canadiense</value>
  <value column="TaxIndicator" original="PST">PST</value>
 </row>
 <row id="108" trl="Y">
  <value column="Name" original="GST/PST">GST/PST</value>
  <value column="Description" original="Canadian Federal &amp; State Tax">Impuesto Canadiense Federal y Estatal</value>
  <value column="TaxIndicator" original="Tax">Tax</value>
 </row>
 <row id="109" trl="Y">
  <value column="Name" original="Exempt">Exento</value>
  <value column="Description" original="Used when Business Partners are exempt from tax">Utilizado cuando los terceros son exentos de impuestos</value>
  <value column="TaxIndicator" original=""/>
 </row>
 <row trl="N" uuid="070085d0-6d85-4ea3-a1ff-35a504a56b5f">
  <value column="Name" original="IVA 16%">IVA 16%</value>
  <value column="Description" original=""/>
  <value column="TaxIndicator" original=""/>
 </row>
 <row trl="N" uuid="655aae26-7a4d-4cb7-ad80-5c3f8973c9b8">
  <value column="Name" original="ICA 4,14 * 1000">ICA 4,14 * 1000</value>
  <value column="Description" original=""/>
  <value column="TaxIndicator" original=""/>
 </row>
 <row trl="N" uuid="5b86aa85-92e6-40a8-bb81-ad1441347245">
  <value column="Name" original="ICA 7 * 1000">ICA 7 * 1000</value>
  <value column="Description" original=""/>
  <value column="TaxIndicator" original=""/>
 </row>
 <row trl="N" uuid="ab92e2da-1b91-49c6-b6a2-b335bcd1b7e0">
  <value column="Name" original="ICA 8 * 1000">ICA 8 * 1000</value>
  <value column="Description" original=""/>
  <value column="TaxIndicator" original=""/>
 </row>
 <row trl="N" uuid="4d4af5a6-0729-40c2-835e-08cfeff46905">
  <value column="Name" original="ICA 9.66 * 1000">ICA 9.66 * 1000</value>
  <value column="Description" original=""/>
  <value column="TaxIndicator" original=""/>
 </row>
 <row trl="N" uuid="1cbab1bf-4afa-44c9-8d30-c2decd498685">
  <value column="Name" original="ICA 11.04 * 1000">ICA 11.04 * 1000</value>
  <value column="Description" original=""/>
  <value column="TaxIndicator" original=""/>
 </row>
 <row trl="N" uuid="c3923f9d-da30-4e0f-8018-6408c58b74fe">
  <value column="Name" original="ICA 13.8 * 1000">ICA 13.8 * 1000</value>
  <value column="Description" original=""/>
  <value column="TaxIndicator" original=""/>
 </row>
 <row trl="N" uuid="2957f8f3-e652-4b60-a6bc-a0833bbd9cfb">
  <value column="Name" original="ReteFte 3.5%">ReteFte 3.5%</value>
  <value column="Description" original=""/>
  <value column="TaxIndicator" original=""/>
 </row>
 <row trl="N" uuid="15aab9cf-1e45-4b06-af1c-23cb6113ad8d">
  <value column="Name" original="retencion iva 8% sobre documento">retencion iva 8% sobre documento</value>
  <value column="Description" original=""/>
  <value column="TaxIndicator" original=""/>
 </row>
 <row trl="N" uuid="40cda6b5-7f05-4f3a-ac44-23e7f6fed4d6">
  <value column="Name" original="ReteFte 11%">ReteFte 11%</value>
  <value column="Description" original=""/>
  <value column="TaxIndicator" original=""/>
 </row>
 <row trl="N" uuid="a6af81a5-e7d1-4fa2-b5c4-3d7cb1e5db7a">
  <value column="Name" original="ICA 6.9 * 1000">ICA 6.9 * 1000</value>
  <value column="Description" original=""/>
  <value column="TaxIndicator" original=""/>
 </row>
 <row trl="N" uuid="baba6b9c-90be-4623-8d72-e57e8a3ed701">
  <value column="Name" original="retencion iva 50%">retencion iva 50%</value>
  <value column="Description" original=""/>
  <value column="TaxIndicator" original=""/>
 </row>
 <row trl="N" uuid="dc565d5c-8a3a-4ac1-8358-f0b0b075198f">
  <value column="Name" original="ReteFte 10%">ReteFte 10%</value>
  <value column="Description" original=""/>
  <value column="TaxIndicator" original=""/>
 </row>
 <row trl="N" uuid="58f27f08-8d2d-4919-9efb-14bbad982723">
  <value column="Name" original="ReteFte 6%">ReteFte 6%</value>
  <value column="Description" original=""/>
  <value column="TaxIndicator" original=""/>
 </row>
 <row trl="N" uuid="1841650d-11c7-49a8-a8ea-d3c6b2761079">
  <value column="Name" original="ReteFte 4%">ReteFte 4%</value>
  <value column="Description" original=""/>
  <value column="TaxIndicator" original=""/>
 </row>
 <row trl="Y" uuid="f9ba021b-4027-450c-a25c-390d4416a942">
  <value column="Name" original="Standard">Standard</value>
  <value column="Description" original=""/>
  <value column="TaxIndicator" original=""/>
 </row>
 <row trl="Y" uuid="b29ffe55-2bae-482a-9652-eca490674f96">
  <value column="Name" original="IVA 15%">IVA 15%</value>
  <value column="Description" original=""/>
  <value column="TaxIndicator" original=""/>
 </row>
 <row trl="Y" uuid="4e147fa4-b8aa-4417-91ed-2ef1335dd73f">
  <value column="Name" original="IVA 0%">IVA 0%</value>
  <value column="Description" original=""/>
  <value column="TaxIndicator" original=""/>
 </row>
 <row trl="Y" uuid="9a5a8985-49ff-4f38-bfca-903d25c49d2d">
  <value column="Name" original="ISC 1%">ISC 1%</value>
  <value column="Description" original=""/>
  <value column="TaxIndicator" original=""/>
 </row>
 <row trl="Y" uuid="bb485b41-2447-4010-9fcc-2c47566c6e65">
  <value column="Name" original="IVA 15% - IVA 0%">IVA 15% - IVA 0%</value>
  <value column="Description" original=""/>
  <value column="TaxIndicator" original=""/>
 </row>
 <row trl="Y" uuid="96131760-47f5-48a4-a0c8-3936593c6cf6">
  <value column="Name" original="INSS 6.25%">INSS 6.25%</value>
  <value column="Description" original=""/>
  <value column="TaxIndicator" original=""/>
 </row>
 <row trl="Y" uuid="2bad974d-5009-4c53-9f08-a007e41a0d72">
  <value column="Name" original="ICA 7 * 1000">ICA 7 * 1000</value>
  <value column="Description" original=""/>
  <value column="TaxIndicator" original=""/>
 </row>
 <row trl="Y" uuid="a0106c39-1d49-4659-846d-b89cfbc24a66">
  <value column="Name" original="ICA 8 * 1000">ICA 8 * 1000</value>
  <value column="Description" original=""/>
  <value column="TaxIndicator" original=""/>
 </row>
 <row trl="Y" uuid="316beb39-9263-4824-a89e-f1f68bf0afa2">
  <value column="Name" original="ICA 9.66 * 1000">ICA 9.66 * 1000</value>
  <value column="Description" original=""/>
  <value column="TaxIndicator" original=""/>
 </row>
 <row trl="Y" uuid="15963118-8def-485f-8715-76c197d99f34">
  <value column="Name" original="Menos Retención IVA 15%">Menos Retención IVA 15%</value>
  <value column="Description" original=""/>
  <value column="TaxIndicator" original="03RTEIVA15">03RTEIVA15</value>
 </row>
 <row trl="Y" uuid="9951416a-3cb9-4aa4-9cc3-0ee7fde1a8b6">
  <value column="Name" original="Retención 1%">Retención 1%</value>
  <value column="Description" original=""/>
  <value column="TaxIndicator" original=""/>
 </row>
 <row trl="Y" uuid="0df560a9-66f5-4a9d-ab38-75dd78f02755">
  <value column="Name" original="Retención 7%">Retención 7%</value>
  <value column="Description" original=""/>
  <value column="TaxIndicator" original=""/>
 </row>
 <row trl="Y" uuid="8388b665-14fe-47c0-8f8f-0b691f13dba7">
  <value column="Name" original="Retención 10%">Retención 10%</value>
  <value column="Description" original=""/>
  <value column="TaxIndicator" original=""/>
 </row>
 <row trl="Y" uuid="9da714e4-e730-45b5-8d0a-a3ab0e4867c7">
  <value column="Name" original="Retención 15%">Retención 15%</value>
  <value column="Description" original=""/>
  <value column="TaxIndicator" original=""/>
 </row>
 <row trl="Y" uuid="0e6d57f1-9444-4e84-93d3-1db8a9b4e97e">
  <value column="Name" original="Retención 20%">Retención 20%</value>
  <value column="Description" original=""/>
  <value column="TaxIndicator" original=""/>
 </row>
 <row trl="Y" uuid="4e688553-2065-4428-9b73-d5fe51f0c2af">
  <value column="Name" original="Retengo IVA 2.4% - Simplificados">Retengo IVA 2.4% - Simplificados</value>
  <value column="Description" original=""/>
  <value column="TaxIndicator" original=""/>
 </row>
 <row trl="Y" uuid="86665b04-bdd8-4280-8674-443987dce855">
  <value column="Name" original="Retengo IVA 2.4% + Simplificados">Retengo IVA 2.4% + Simplificados</value>
  <value column="Description" original=""/>
  <value column="TaxIndicator" original=""/>
 </row>
 <row trl="Y" uuid="c5a24fe8-78c4-4342-8aa5-eff47464ce3d">
  <value column="Name" original="Retención 2%">Retención 2%</value>
  <value column="Description" original=""/>
  <value column="TaxIndicator" original=""/>
 </row>
</idempiereTrl>
