<?xml version="1.0" encoding="UTF-8" standalone="no"?>
<!--iDempiere(r) Release 3.1_2015-10-31 -Smart Suite ERP, CRM and SCM- (c) 1999-2013 iDempiere(r); Implementation: iDempiere - Supported by iDempiere community--><!--<!DOCTYPE idempiereTrl PUBLIC "-//ComPiere, Inc.//DTD iDempiere Translation 1.0//EN" "http://www.idempiere.com/dtd/idempiereTrl.dtd">--><idempiereTrl language="es_NI" table="C_TaxCategory">
 <row id="107" trl="Y">
  <value column="Name" original="Standard">Estándar</value>
  <value column="Description" original=""/>
 </row>
 <row trl="N" uuid="e2f10df7-2daa-4323-8855-9e75783aaec6">
  <value column="Name" original="IVA 16%">IVA 16%</value>
  <value column="Description" original=""/>
 </row>
 <row trl="N" uuid="0175e447-8cf6-49dc-9458-50ea87558b7f">
  <value column="Name" original="Retención en la fuente">Retención en la fuente</value>
  <value column="Description" original=""/>
 </row>
 <row trl="N" uuid="f4e46ad0-92bb-4896-b2fe-053ad289cfcb">
  <value column="Name" original="Retención IVA">Retención IVA</value>
  <value column="Description" original=""/>
 </row>
 <row trl="N" uuid="89909513-05bb-44d8-b257-1ea004996d38">
  <value column="Name" original="Retención ICA">Retención ICA</value>
  <value column="Description" original=""/>
 </row>
 <row trl="Y" uuid="37c47453-72b2-471d-a055-cae7dc1e1df5">
  <value column="Name" original="Estándar">Estándar</value>
  <value column="Description" original=""/>
 </row>
 <row trl="Y" uuid="94354ce9-e31c-4b40-8bfd-c00102626751">
  <value column="Name" original="Impuesto al Valor Agragado">Impuesto al Valor Agragado</value>
  <value column="Description" original=""/>
 </row>
 <row trl="Y" uuid="8804b5fb-0d7d-4393-98ec-241a0b88d394">
  <value column="Name" original="Retención en la fuente">Retención en la fuente</value>
  <value column="Description" original=""/>
 </row>
 <row trl="Y" uuid="af798e90-49df-4b2e-83f0-be0fa1e5abb5">
  <value column="Name" original="Impuesto Selectivo de Consumo">Impuesto Selectivo de Consumo</value>
  <value column="Description" original=""/>
 </row>
 <row trl="Y" uuid="7fb28c21-b768-49ca-9c9f-17e24b1801a0">
  <value column="Name" original="Exento">Exento</value>
  <value column="Description" original=""/>
 </row>
 <row trl="Y" uuid="3f1f04e6-82d2-4eca-ab66-8d88dc90ec15">
  <value column="Name" original="Exonerado">Exonerado</value>
  <value column="Description" original=""/>
 </row>
 <row trl="Y" uuid="4ef3e009-c99f-4fa2-96de-927aaa85f626">
  <value column="Name" original="Retenciones Laborales">Retenciones Laborales</value>
  <value column="Description" original=""/>
 </row>
 <row trl="Y" uuid="db001416-0890-41d7-903f-eb02fc99fe5c">
  <value column="Name" original="Retenciones Municipales">Retenciones Municipales</value>
  <value column="Description" original=""/>
 </row>
</idempiereTrl>
