<?xml version="1.0" encoding="UTF-8" standalone="no"?>
<!--iDempiere(r) Release 3.1_2015-10-31 -Smart Suite ERP, CRM and SCM- (c) 1999-2013 iDempiere(r); Implementation: iDempiere - Supported by iDempiere community--><!--<!DOCTYPE idempiereTrl PUBLIC "-//ComPiere, Inc.//DTD iDempiere Translation 1.0//EN" "http://www.idempiere.com/dtd/idempiereTrl.dtd">--><idempiereTrl language="es_NI" table="GL_Category">
 <row id="0" trl="Y">
  <value column="Name" original="None">Ninguna</value>
 </row>
 <row id="108" trl="N">
  <value column="Name" original="Manual">Manual</value>
 </row>
 <row id="109" trl="N">
  <value column="Name" original="AR Invoice">AR Invoice</value>
 </row>
 <row id="110" trl="N">
  <value column="Name" original="AR Receipt">AR Receipt</value>
 </row>
 <row id="111" trl="N">
  <value column="Name" original="Material Management">Material Management</value>
 </row>
 <row id="112" trl="N">
  <value column="Name" original="AP Invoice">AP Invoice</value>
 </row>
 <row id="113" trl="N">
  <value column="Name" original="AP Payment">AP Payment</value>
 </row>
 <row id="50000" trl="N">
  <value column="Name" original="Payroll">Payroll</value>
 </row>
 <row id="50001" trl="N">
  <value column="Name" original="Manufacturing">Manufacturing</value>
 </row>
 <row id="50002" trl="N">
  <value column="Name" original="Distribution">Distribution</value>
 </row>
 <row trl="Y" uuid="85a4368b-c301-494f-9a82-80cda59917a3">
  <value column="Name" original="Standard">Standard</value>
 </row>
 <row trl="Y" uuid="654e4180-65e6-465b-95e9-7086430585c3">
  <value column="Name" original="None">None</value>
 </row>
 <row trl="Y" uuid="8ba25527-800c-4656-85c7-4d3317943c6b">
  <value column="Name" original="Manual">Manual</value>
 </row>
 <row trl="Y" uuid="2e412dce-c990-49b2-a2b6-d405b50adde1">
  <value column="Name" original="AR Invoice">AR Invoice</value>
 </row>
 <row trl="Y" uuid="90e68057-1354-4616-91da-db666bd9b3ae">
  <value column="Name" original="AR Receipt">AR Receipt</value>
 </row>
 <row trl="Y" uuid="4fe8a035-9062-45fd-9f7d-6089b3306c9e">
  <value column="Name" original="Material Management">Material Management</value>
 </row>
 <row trl="Y" uuid="eeebcd96-c162-48e0-a966-bb044599c263">
  <value column="Name" original="AP Invoice">AP Invoice</value>
 </row>
 <row trl="Y" uuid="1e1b1787-7db5-47a4-a764-70d23d18ae66">
  <value column="Name" original="AP Payment">AP Payment</value>
 </row>
 <row trl="Y" uuid="c73fe486-68a7-4a5d-acd8-fbb1fe017be5">
  <value column="Name" original="Cash/Payments">Cash/Payments</value>
 </row>
 <row trl="Y" uuid="8bf89b6f-bd53-42a8-b873-789cdae9e90d">
  <value column="Name" original="Manufacturing">Manufacturing</value>
 </row>
 <row trl="Y" uuid="054c029e-ca38-4538-8e1a-8ff98b8f159c">
  <value column="Name" original="Distribution">Distribution</value>
 </row>
 <row trl="Y" uuid="db12d624-b5e9-4f8f-89f8-005c042fb033">
  <value column="Name" original="Payroll">Payroll</value>
 </row>
</idempiereTrl>
