<?xml version="1.0" encoding="UTF-8" standalone="no"?>
<!--iDempiere(r) Release 3.1_2015-10-31 -Smart Suite ERP, CRM and SCM- (c) 1999-2013 iDempiere(r); Implementation: iDempiere - Supported by iDempiere community--><!--<!DOCTYPE idempiereTrl PUBLIC "-//ComPiere, Inc.//DTD iDempiere Translation 1.0//EN" "http://www.idempiere.com/dtd/idempiereTrl.dtd">--><idempiereTrl language="es_NI" table="M_Product_Category">
 <row id="105" trl="N">
  <value column="Name" original="Standard">Standard</value>
  <value column="Description" original=""/>
 </row>
 <row id="106" trl="N">
  <value column="Name" original="Trees">Trees</value>
  <value column="Description" original=""/>
 </row>
 <row id="107" trl="N">
  <value column="Name" original="Bushes">Bushes</value>
  <value column="Description" original=""/>
 </row>
 <row id="108" trl="N">
  <value column="Name" original="Tools">Tools</value>
  <value column="Description" original="Garden Tools">Garden Tools</value>
 </row>
 <row id="109" trl="N">
  <value column="Name" original="Chemicals">Chemicals</value>
  <value column="Description" original="Lawn Chemicals">Lawn Chemicals</value>
 </row>
 <row id="110" trl="N">
  <value column="Name" original="Patio ">Patio </value>
  <value column="Description" original="Patio and Lawn Furniture">Patio and Lawn Furniture</value>
 </row>
 <row id="111" trl="N">
  <value column="Name" original="Documentation">Documentation</value>
  <value column="Description" original="Documentation Download">Documentation Download</value>
 </row>
 <row id="112" trl="N">
  <value column="Name" original="Training">Training</value>
  <value column="Description" original=""/>
 </row>
 <row id="50000" trl="N">
  <value column="Name" original="Assembly">Assembly</value>
  <value column="Description" original=""/>
 </row>
 <row id="50001" trl="N">
  <value column="Name" original="Raw Material">Raw Material</value>
  <value column="Description" original=""/>
 </row>
 <row id="50002" trl="N">
  <value column="Name" original="Packing">Packing</value>
  <value column="Description" original=""/>
 </row>
 <row id="50003" trl="N">
  <value column="Name" original="Resources">Resources</value>
  <value column="Description" original=""/>
 </row>
 <row trl="Y" uuid="0a6396b7-3fde-4413-8c2a-ca96b30fac27">
  <value column="Name" original="Estándar">Estándar</value>
  <value column="Description" original=""/>
 </row>
 <row trl="Y" uuid="4a3d3600-0291-4787-8a90-eba2150ed535">
  <value column="Name" original="Materiales y Suministros">Materiales y Suministros</value>
  <value column="Description" original=""/>
 </row>
 <row trl="Y" uuid="a0aef6c8-8bef-49f4-9cd6-7c1c24969bd0">
  <value column="Name" original="Mobiliario y Equipo de Oficina">Mobiliario y Equipo de Oficina</value>
  <value column="Description" original=""/>
 </row>
 <row trl="Y" uuid="c2db057f-e2e5-4f27-9e30-831833185506">
  <value column="Name" original="Equipo de Computo">Equipo de Computo</value>
  <value column="Description" original=""/>
 </row>
 <row trl="Y" uuid="8e7eb243-7ffc-4c37-9f3c-412b89a86772">
  <value column="Name" original="Servicio de Arrendamiento">Servicio de Arrendamiento</value>
  <value column="Description" original=""/>
 </row>
 <row trl="Y" uuid="cb64df7b-7bd5-4f55-9690-fe03ccc0207f">
  <value column="Name" original="Servicios Mantenimiento">Servicios Mantenimiento</value>
  <value column="Description" original=""/>
 </row>
 <row trl="Y" uuid="2ff630f6-35dc-4ac6-9c9f-b51cbce56ac8">
  <value column="Name" original="Seguro de Cobertura">Seguro de Cobertura</value>
  <value column="Description" original=""/>
 </row>
 <row trl="Y" uuid="8d89c7d8-9813-4d01-b204-09c79c1bef5e">
  <value column="Name" original="Bienes en Arrendamiento">Bienes en Arrendamiento</value>
  <value column="Description" original=""/>
 </row>
</idempiereTrl>
