<?xml version="1.0" encoding="UTF-8" standalone="no"?>
<!--iDempiere(r) Release 3.1_2015-10-31 -Smart Suite ERP, CRM and SCM- (c) 1999-2013 iDempiere(r); Implementation: iDempiere - Supported by iDempiere community--><!--<!DOCTYPE idempiereTrl PUBLIC "-//ComPiere, Inc.//DTD iDempiere Translation 1.0//EN" "http://www.idempiere.com/dtd/idempiereTrl.dtd">--><idempiereTrl language="es_NI" table="M_PriceList">
 <row id="101" trl="N">
  <value column="Name" original="Standard">Standard</value>
  <value column="Description" original="This is the sales price list and we create it based on the Purchase list">This is the sales price list and we create it based on the Purchase list</value>
 </row>
 <row id="102" trl="N">
  <value column="Name" original="Purchase">Purchase</value>
  <value column="Description" original="This list is created first - the &quot;root&quot; of the other price lists">This list is created first - the "root" of the other price lists</value>
 </row>
 <row id="103" trl="N">
  <value column="Name" original="Export">Export</value>
  <value column="Description" original="Export Prices in EUR">Export Prices in EUR</value>
 </row>
 <row trl="Y" uuid="77547a7e-c6b2-4f90-b67a-ee5a6b7d40fd">
  <value column="Name" original="Estándar">Estándar</value>
  <value column="Description" original=""/>
 </row>
 <row trl="Y" uuid="2fbc7e0c-549c-4244-a2ed-af84a8d2c33e">
  <value column="Name" original="LdP_Afatex">LdP_Afatex</value>
  <value column="Description" original=""/>
 </row>
 <row trl="Y" uuid="0e7f321a-89a4-48d2-ba14-67dbf903e2e0">
  <value column="Name" original="LdP_Agricola Nandaime">LdP_Agricola Nandaime</value>
  <value column="Description" original=""/>
 </row>
 <row trl="Y" uuid="f5f7357f-abb2-4e10-95d5-8f458416a824">
  <value column="Name" original="LdP_Alfinsa">LdP_Alfinsa</value>
  <value column="Description" original=""/>
 </row>
 <row trl="Y" uuid="c34cf7cc-dab2-42bd-9132-1f0a85035c77">
  <value column="Name" original="LdP_Almacenadora LaFise">LdP_Almacenadora LaFise</value>
  <value column="Description" original=""/>
 </row>
 <row trl="Y" uuid="607ce530-58e7-4236-bfaa-a2d6d6b26901">
  <value column="Name" original="LdP_Alvia Comercial">LdP_Alvia Comercial</value>
  <value column="Description" original=""/>
 </row>
 <row trl="Y" uuid="6440f6b5-494c-4c98-96da-8389b0e3fe0c">
  <value column="Name" original="LdP_Compra_Insumos">LdP_Compra_Insumos</value>
  <value column="Description" original=""/>
 </row>
 <row trl="Y" uuid="3dad51c8-56ea-4700-ad9f-c9b2b035c032">
  <value column="Name" original="LdP_Assa">LdP_Assa</value>
  <value column="Description" original=""/>
 </row>
</idempiereTrl>
