<?xml version="1.0" encoding="UTF-8" standalone="no"?>
<!--iDempiere(r) Release 3.1_2015-10-31 -Smart Suite ERP, CRM and SCM- (c) 1999-2013 iDempiere(r); Implementation: iDempiere - Supported by iDempiere community--><!--<!DOCTYPE idempiereTrl PUBLIC "-//ComPiere, Inc.//DTD iDempiere Translation 1.0//EN" "http://www.idempiere.com/dtd/idempiereTrl.dtd">--><idempiereTrl language="es_NI" table="M_PriceList_Version">
 <row id="101" trl="N">
  <value column="Name" original="Standard 2001">Standard 2001</value>
 </row>
 <row id="102" trl="N">
  <value column="Name" original="Purchase 2001">Purchase 2001</value>
 </row>
 <row id="103" trl="N">
  <value column="Name" original="Purchase 2003">Purchase 2003</value>
 </row>
 <row id="104" trl="N">
  <value column="Name" original="Standard 2003">Standard 2003</value>
 </row>
 <row id="105" trl="N">
  <value column="Name" original="Export 2003">Export 2003</value>
 </row>
 <row trl="Y" uuid="6889d1b5-3623-47ae-9abe-9b604a115f33">
  <value column="Name" original="08/02/2016">08/02/2016</value>
 </row>
 <row trl="Y" uuid="ee9decae-132a-476f-8a16-8934d1dea285">
  <value column="Name" original="LdP_Afatex">LdP_Afatex</value>
 </row>
 <row trl="Y" uuid="51079105-7687-4486-9236-301110530bf2">
  <value column="Name" original="LdP_Agricola Nandaime">LdP_Agricola Nandaime</value>
 </row>
 <row trl="Y" uuid="21686874-ebe5-4897-a0f5-043b678b3df9">
  <value column="Name" original="LdP_Alfinsa">LdP_Alfinsa</value>
 </row>
 <row trl="Y" uuid="88df37af-d872-4e11-98ca-197bb09fe75d">
  <value column="Name" original="LdP_Almacenadora LaFise">LdP_Almacenadora LaFise</value>
 </row>
 <row trl="Y" uuid="faab5409-63a6-4ddd-8d87-ebe0c7a851bd">
  <value column="Name" original="LdP_Alvia Comercial">LdP_Alvia Comercial</value>
 </row>
 <row trl="Y" uuid="9961e553-0206-4057-a2bc-4fe6479c2750">
  <value column="Name" original="LdP_Compra_Insumos">LdP_Compra_Insumos</value>
 </row>
 <row trl="Y" uuid="ed500b31-d1ca-44cf-8ffa-4d0170ae97c9">
  <value column="Name" original="LdP_Assa">LdP_Assa</value>
 </row>
</idempiereTrl>
