<?xml version="1.0" encoding="UTF-8" standalone="no"?>
<!--iDempiere(r) Release 3.1_2015-10-31 -Smart Suite ERP, CRM and SCM- (c) 1999-2013 iDempiere(r); Implementation: iDempiere - Supported by iDempiere community--><!--<!DOCTYPE idempiereTrl PUBLIC "-//ComPiere, Inc.//DTD iDempiere Translation 1.0//EN" "http://www.idempiere.com/dtd/idempiereTrl.dtd">--><idempiereTrl language="es_NI" table="R_MailText">
 <row id="100" trl="Y">
  <value column="MailText" original="Dear @Name@,&#10;&#10;Thank you for your order.&#10;&#10;Best regards,&#10;  The GardenWorld Team">Estimado @Name@,

Gracias por su orden.

Los mejores deseos,
  El Equipo GardenWorld</value>
  <value column="Name" original="Order Confirmation">Confirmación Orden</value>
  <value column="MailHeader" original="Order Confirmation">Confirmación Orden</value>
  <value column="MailText2" original=""/>
  <value column="MailText3" original=""/>
 </row>
 <row id="200000" trl="Y">
  <value column="MailText" original="Dear @Name@,&#10;&#10;You are receiving this email because you (or somebody pretending to be you) said you have lost your iDempiere password.&#10;&#10;To access your iDempiere, use the temporary password from @AD_Client_ID&lt;Name&gt;@ below:&#10;@#NewPassword@&#10;&#10;Once you login, you will be directed to change password screen. Please change your password to something you can remember.&#10;&#10;Sincerely,&#10;The iDempiere Accounts Team&#10;&#10;Note: This email address cannot accept replies."><![CDATA[Estimado @Name@,

Le estamos enviando este correo debido a que usted (o alguien pretendiendo ser usted) manifestó haber perdido su clave para ingresar a iDempiere.

Para acceder a iDempiere en el cliente @AD_Client_ID<Name>@ utilice la siguiente clave temporal:
@#NewPassword@

Una vez ingrese será redireccionado a una pantalla para cambio de clave, por favor cambie su clave de inmediato.

Cordialmente,
El equipo de iDempiere

NOTA: Esta dirección de correo no procesa respuestas.]]></value>
  <value column="Name" original="Reset Password">Reinicio clave</value>
  <value column="MailHeader" original="iDempiere Reset Password ">Reinicio clave iDempiere</value>
  <value column="MailText2" original=""/>
  <value column="MailText3" original=""/>
 </row>
</idempiereTrl>
