﻿<?xml version="1.0" encoding="UTF-8"?>
<idempiere Name="GeografiaNicaraguaCapitales" Version="1.0" idempiereVersion="" DataBaseVersion="" Description="Geografía Capitales Nicaragua" Author="" AuthorEmail="info@globalqss.com" CreatedDate="2013-08-08 11:56:37.264" UpdatedDate="2013-08-08 11:59:47.859" PackOutVersion="100" Client="0-SYSTEM-System">
    <SQLStatement type="custom">
        <DBType>ALL</DBType>
        <statement><![CDATA[UPDATE ad_column SET isupdateable = 'Y' WHERE ad_column_id IN (866, 7057)]]></statement>
    </SQLStatement>
    <C_Region type="table">
        <AD_Client_ID>0</AD_Client_ID>
        <AD_Org_ID>0</AD_Org_ID>
        <IsDefault>false</IsDefault>
        <Description>05 - Boaco</Description>
        <Name>Boaco</Name>
        <C_Region_UU>37375263-310e-4d02-8898-2a816b325c38</C_Region_UU>
        <IsActive>true</IsActive>
        <C_Country_ID reference="id">263</C_Country_ID>
    </C_Region>
    <C_Region type="table">
        <AD_Client_ID>0</AD_Client_ID>
        <AD_Org_ID>0</AD_Org_ID>
        <IsDefault>false</IsDefault>
        <Description>08 - Carazo</Description>
        <Name>Carazo</Name>
        <C_Region_UU>e34f6000-5511-4027-8e1e-3b697569520f</C_Region_UU>
        <IsActive>true</IsActive>
        <C_Country_ID reference="id">263</C_Country_ID>
    </C_Region>
    <C_Region type="table">
        <AD_Client_ID>0</AD_Client_ID>
        <AD_Org_ID>0</AD_Org_ID>
        <IsDefault>false</IsDefault>
        <Description>11 - Chinandega</Description>
        <Name>Chinandega</Name>
        <C_Region_UU>eda02e6d-0ff6-4f40-9073-4d9a0e7c7cd1</C_Region_UU>
        <IsActive>true</IsActive>
        <C_Country_ID reference="id">263</C_Country_ID>
    </C_Region>
    <C_Region type="table">
        <AD_Client_ID>0</AD_Client_ID>
        <AD_Org_ID>0</AD_Org_ID>
        <IsDefault>false</IsDefault>
        <Description>13 - Chontales</Description>
        <Name>Chontales</Name>
        <C_Region_UU>296ca964-4037-419d-8680-003dab587c74</C_Region_UU>
        <IsActive>true</IsActive>
        <C_Country_ID reference="id">263</C_Country_ID>
    </C_Region>
    <C_Region type="table">
        <AD_Client_ID>0</AD_Client_ID>
        <AD_Org_ID>0</AD_Org_ID>
        <IsDefault>false</IsDefault>
        <Description>15 - Esteli</Description>
        <Name>Esteli</Name>
        <C_Region_UU>d3361c61-1e78-4899-9281-06b80670c25d</C_Region_UU>
        <IsActive>true</IsActive>
        <C_Country_ID reference="id">263</C_Country_ID>
    </C_Region>
    <C_Region type="table">
        <AD_Client_ID>0</AD_Client_ID>
        <AD_Org_ID>0</AD_Org_ID>
        <IsDefault>false</IsDefault>
        <Description>17 - Granada</Description>
        <Name>Granada</Name>
        <C_Region_UU>fc89a575-3b4b-49c2-8d43-b92ecc9fae69</C_Region_UU>
        <IsActive>true</IsActive>
        <C_Country_ID reference="id">263</C_Country_ID>
    </C_Region>
    <C_Region type="table">
        <AD_Client_ID>0</AD_Client_ID>
        <AD_Org_ID>0</AD_Org_ID>
        <IsDefault>false</IsDefault>
        <Description>18 - Jinotega</Description>
        <Name>Jinotega</Name>
        <C_Region_UU>fd10aa38-9b97-4a4d-af2b-8b8493101c6c</C_Region_UU>
        <IsActive>true</IsActive>
        <C_Country_ID reference="id">263</C_Country_ID>
    </C_Region>
    <C_Region type="table">
        <AD_Client_ID>0</AD_Client_ID>
        <AD_Org_ID>0</AD_Org_ID>
        <IsDefault>false</IsDefault>
        <Description>19 - Leon</Description>
        <Name>Leon</Name>
        <C_Region_UU>d73f44bc-2a0a-4241-a7df-4f953b7541df</C_Region_UU>
        <IsActive>true</IsActive>
        <C_Country_ID reference="id">263</C_Country_ID>
    </C_Region>
    <C_Region type="table">
        <AD_Client_ID>0</AD_Client_ID>
        <AD_Org_ID>0</AD_Org_ID>
        <IsDefault>false</IsDefault>
        <Description>20 - Madriz</Description>
        <Name>Madriz</Name>
        <C_Region_UU>c4e51844-76f9-4334-9c9c-b3c1b2863641</C_Region_UU>
        <IsActive>true</IsActive>
        <C_Country_ID reference="id">263</C_Country_ID>
    </C_Region>
    <C_Region type="table">
        <AD_Client_ID>0</AD_Client_ID>
        <AD_Org_ID>0</AD_Org_ID>
        <IsDefault>true</IsDefault>
        <Description>23 - Managua</Description>
        <Name>Managua</Name>
        <C_Region_UU>af5c45f8-6dae-405d-bcd6-fc625af97645</C_Region_UU>
        <IsActive>true</IsActive>
        <C_Country_ID reference="id">263</C_Country_ID>
    </C_Region>
    <C_Region type="table">
        <AD_Client_ID>0</AD_Client_ID>
        <AD_Org_ID>0</AD_Org_ID>
        <IsDefault>false</IsDefault>
        <Description>25 - Masaya</Description>
        <Name>Masaya</Name>
        <C_Region_UU>f1a4ea81-c52c-4861-87c3-ac9f576b9025</C_Region_UU>
        <IsActive>true</IsActive>
        <C_Country_ID reference="id">263</C_Country_ID>
    </C_Region>
    <C_Region type="table">
        <AD_Client_ID>0</AD_Client_ID>
        <AD_Org_ID>0</AD_Org_ID>
        <IsDefault>false</IsDefault>
        <Description>27 - Matagalpa</Description>
        <Name>Matagalpa</Name>
        <C_Region_UU>76942396-3fee-4968-b7ab-34da5b0ce1e4</C_Region_UU>
        <IsActive>true</IsActive>
        <C_Country_ID reference="id">263</C_Country_ID>
    </C_Region>
    <C_Region type="table">
        <AD_Client_ID>0</AD_Client_ID>
        <AD_Org_ID>0</AD_Org_ID>
        <IsDefault>false</IsDefault>
        <Description>41 - Nueva Segovia</Description>
        <Name>Nueva Segovia</Name>
        <C_Region_UU>d6837959-4eea-492a-9682-1c147f565001</C_Region_UU>
        <IsActive>true</IsActive>
        <C_Country_ID reference="id">263</C_Country_ID>
    </C_Region>
    <C_Region type="table">
        <AD_Client_ID>0</AD_Client_ID>
        <AD_Org_ID>0</AD_Org_ID>
        <IsDefault>false</IsDefault>
        <Description>44 - Rivas</Description>
        <Name>Rivas</Name>
        <C_Region_UU>68f64691-e6ee-4751-aab9-3ac8fd09bab8</C_Region_UU>
        <IsActive>true</IsActive>
        <C_Country_ID reference="id">263</C_Country_ID>
    </C_Region>
    <C_Region type="table">
        <AD_Client_ID>0</AD_Client_ID>
        <AD_Org_ID>0</AD_Org_ID>
        <IsDefault>false</IsDefault>
        <Description>47 - Rio San Juan</Description>
        <Name>Rio San Juan</Name>
        <C_Region_UU>67717ed1-eb80-4a39-8d6d-d4fb7e8bf4f0</C_Region_UU>
        <IsActive>true</IsActive>
        <C_Country_ID reference="id">263</C_Country_ID>
    </C_Region>
    <C_Region type="table">
        <AD_Client_ID>0</AD_Client_ID>
        <AD_Org_ID>0</AD_Org_ID>
        <IsDefault>false</IsDefault>
        <Description>50 - Region Autonoma de la Costa Caribe Norte</Description>
        <Name>Region Autonoma de la Costa Caribe Norte</Name>
        <C_Region_UU>a14dadca-8cad-4afa-9b63-05020874b89f</C_Region_UU>
        <IsActive>true</IsActive>
        <C_Country_ID reference="id">263</C_Country_ID>
    </C_Region>
    <C_Region type="table">
        <AD_Client_ID>0</AD_Client_ID>
        <AD_Org_ID>0</AD_Org_ID>
        <IsDefault>false</IsDefault>
        <Description>52 - Region Autonoma de la Costa Caribe Sur</Description>
        <Name>Region Autonoma de la Costa Caribe Sur</Name>
        <C_Region_UU>0f101b83-c041-4d9c-9351-ad71d9a09fe0</C_Region_UU>
        <IsActive>true</IsActive>
        <C_Country_ID reference="id">263</C_Country_ID>
        </C_Region>
    <C_City type="table">
        <AD_Client_ID>0</AD_Client_ID>
        <AD_Org_ID>0</AD_Org_ID>
        <Postal>05001</Postal>
        <C_Region_ID reference="uuid" reference-key="C_Region">37375263-310e-4d02-8898-2a816b325c38</C_Region_ID>
        <AreaCode/>
        <C_City_UU>96b09a53-0ca3-4f07-9abf-67bbe3932b62</C_City_UU>
        <Name>Boaco</Name>
        <Locode/>
        <Coordinates/>
        <IsActive>true</IsActive>
        <C_Country_ID reference="id">263</C_Country_ID>
    </C_City>
    <C_City type="table">
        <AD_Client_ID>0</AD_Client_ID>
        <AD_Org_ID>0</AD_Org_ID>
        <Postal>05002</Postal>
        <C_Region_ID reference="uuid" reference-key="C_Region">37375263-310e-4d02-8898-2a816b325c38</C_Region_ID>
        <AreaCode/>
        <C_City_UU>431b456f-fc40-4ced-bc62-48ff1e5d412c</C_City_UU>
        <Name>Camoapa</Name>
        <Locode/>
        <Coordinates/>
        <IsActive>true</IsActive>
        <C_Country_ID reference="id">263</C_Country_ID>
    </C_City>
    <C_City type="table">
        <AD_Client_ID>0</AD_Client_ID>
        <AD_Org_ID>0</AD_Org_ID>
        <Postal>05004</Postal>
        <C_Region_ID reference="uuid" reference-key="C_Region">37375263-310e-4d02-8898-2a816b325c38</C_Region_ID>
        <AreaCode/>
        <C_City_UU>08eae5c8-412b-46ae-a244-bf436ef7331c</C_City_UU>
        <Name>San Jose de los Remates</Name>
        <Locode/>
        <Coordinates/>
        <IsActive>true</IsActive>
        <C_Country_ID reference="id">263</C_Country_ID>
    </C_City>
    <C_City type="table">
        <AD_Client_ID>0</AD_Client_ID>
        <AD_Org_ID>0</AD_Org_ID>
        <Postal>05021</Postal>
        <C_Region_ID reference="uuid" reference-key="C_Region">37375263-310e-4d02-8898-2a816b325c38</C_Region_ID>
        <AreaCode/>
        <C_City_UU>1989962c-b8a8-4974-8b2f-c29f5cd6bcc0</C_City_UU>
        <Name>San Lorenzo</Name>
        <Locode/>
        <Coordinates/>
        <IsActive>true</IsActive>
        <C_Country_ID reference="id">263</C_Country_ID>
    </C_City>
    <C_City type="table">
        <AD_Client_ID>0</AD_Client_ID>
        <AD_Org_ID>0</AD_Org_ID>
        <Postal>05030</Postal>
        <C_Region_ID reference="uuid" reference-key="C_Region">37375263-310e-4d02-8898-2a816b325c38</C_Region_ID>
        <AreaCode/>
        <C_City_UU>da3d3768-e416-4784-863a-d14b7559fecb</C_City_UU>
        <Name>Santa Lucia</Name>
        <Locode/>
        <Coordinates/>
        <IsActive>true</IsActive>
        <C_Country_ID reference="id">263</C_Country_ID>
    </C_City>
    <C_City type="table">
        <AD_Client_ID>0</AD_Client_ID>
        <AD_Org_ID>0</AD_Org_ID>
        <Postal>05031</Postal>
        <C_Region_ID reference="uuid" reference-key="C_Region">37375263-310e-4d02-8898-2a816b325c38</C_Region_ID>
        <AreaCode/>
        <C_City_UU>cf4175e8-a302-4969-9c09-d332058dcfbc</C_City_UU>
        <Name>Teustepe</Name>
        <Locode/>
        <Coordinates/>
        <IsActive>true</IsActive>
        <C_Country_ID reference="id">263</C_Country_ID>

    </C_City>
    <C_City type="table">
        <AD_Client_ID>0</AD_Client_ID>
        <AD_Org_ID>0</AD_Org_ID>
        <Postal>08001</Postal>
        <C_Region_ID reference="uuid" reference-key="C_Region">e34f6000-5511-4027-8e1e-3b697569520f</C_Region_ID>
        <AreaCode/>
        <C_City_UU>98cf23b4-76ad-4fa2-9b59-bf9e228595c7</C_City_UU>
        <Name>Diriamba</Name>
        <Locode/>
        <Coordinates/>
        <IsActive>true</IsActive>
        <C_Country_ID reference="id">263</C_Country_ID>
    </C_City>
    <C_City type="table">
        <AD_Client_ID>0</AD_Client_ID>
        <AD_Org_ID>0</AD_Org_ID>
        <Postal>08078</Postal>
        <C_Region_ID reference="uuid" reference-key="C_Region">e34f6000-5511-4027-8e1e-3b697569520f</C_Region_ID>
        <AreaCode/>
        <C_City_UU>f269b91d-4546-4bdf-a3d4-1c699c703d58</C_City_UU>
        <Name>Dolores</Name>
        <Locode/>
        <Coordinates/>
        <IsActive>true</IsActive>
        <C_Country_ID reference="id">263</C_Country_ID>
    </C_City>
    <C_City type="table">
        <AD_Client_ID>0</AD_Client_ID>
        <AD_Org_ID>0</AD_Org_ID>
        <Postal>08137</Postal>
        <C_Region_ID reference="uuid" reference-key="C_Region">e34f6000-5511-4027-8e1e-3b697569520f</C_Region_ID>
        <AreaCode/>
        <C_City_UU>08e3b5f1-f232-40cc-9be9-4b2a72d0449e</C_City_UU>
        <Name>El Rosario</Name>
        <Locode/>
        <Coordinates/>
        <IsActive>true</IsActive>
        <C_Country_ID reference="id">263</C_Country_ID>
    </C_City>
    <C_City type="table">
        <AD_Client_ID>0</AD_Client_ID>
        <AD_Org_ID>0</AD_Org_ID>
        <Postal>08141</Postal>
        <C_Region_ID reference="uuid" reference-key="C_Region">e34f6000-5511-4027-8e1e-3b697569520f</C_Region_ID>
        <AreaCode/>
        <C_City_UU>7e7bf1a7-314b-4874-81de-7af4b73c0ebc</C_City_UU>
        <Name>Jinotepe</Name>
        <Locode/>
        <Coordinates/>
        <IsActive>true</IsActive>
        <C_Country_ID reference="id">263</C_Country_ID>
    </C_City>
    <C_City type="table">
        <AD_Client_ID>0</AD_Client_ID>
        <AD_Org_ID>0</AD_Org_ID>
        <Postal>08296</Postal>
        <C_Region_ID reference="uuid" reference-key="C_Region">e34f6000-5511-4027-8e1e-3b697569520f</C_Region_ID>
        <AreaCode/>
        <C_City_UU>65d04118-c2fa-4ffa-b467-535d01811bf7</C_City_UU>
        <Name>La Conquista</Name>
        <Locode/>
        <Coordinates/>
        <IsActive>true</IsActive>
        <C_Country_ID reference="id">263</C_Country_ID>
    </C_City>
    <C_City type="table">
        <AD_Client_ID>0</AD_Client_ID>
        <AD_Org_ID>0</AD_Org_ID>
        <Postal>08372</Postal>
        <C_Region_ID reference="uuid" reference-key="C_Region">e34f6000-5511-4027-8e1e-3b697569520f</C_Region_ID>
        <AreaCode/>
        <C_City_UU>62216b4e-235a-479c-8762-b34046eed4f6</C_City_UU>
        <Name>La Paz de Carazo</Name>
        <Locode/>
        <Coordinates/>
        <IsActive>true</IsActive>
        <C_Country_ID reference="id">263</C_Country_ID>
    </C_City>
    <C_City type="table">
        <AD_Client_ID>0</AD_Client_ID>
        <AD_Org_ID>0</AD_Org_ID>
        <Postal>08421</Postal>
        <C_Region_ID reference="uuid" reference-key="C_Region">e34f6000-5511-4027-8e1e-3b697569520f</C_Region_ID>
        <AreaCode/>
        <C_City_UU>3376da11-e646-4d70-bfe5-fcd76e988b91</C_City_UU>
        <Name>San Marcos</Name>
        <Locode/>
        <Coordinates/>
        <IsActive>true</IsActive>
        <C_Country_ID reference="id">263</C_Country_ID>
    </C_City>
    <C_City type="table">
        <AD_Client_ID>0</AD_Client_ID>
        <AD_Org_ID>0</AD_Org_ID>
        <Postal>08433</Postal>
        <C_Region_ID reference="uuid" reference-key="C_Region">e34f6000-5511-4027-8e1e-3b697569520f</C_Region_ID>
        <AreaCode/>
        <C_City_UU>6fd33e2d-7e22-4bf6-a42f-2905b2a9ebec</C_City_UU>
        <Name>Santa Teresa</Name>
        <Locode/>
        <Coordinates/>
        <IsActive>true</IsActive>
        <C_Country_ID reference="id">263</C_Country_ID>
    </C_City>
    <C_City type="table">
        <AD_Client_ID>0</AD_Client_ID>
        <AD_Org_ID>0</AD_Org_ID>
        <Postal>11001</Postal>
        <C_Region_ID reference="uuid" reference-key="C_Region">eda02e6d-0ff6-4f40-9073-4d9a0e7c7cd1</C_Region_ID>
        <AreaCode/>
        <C_City_UU>e98cfa8a-efdb-482c-baab-fbc7d775f125</C_City_UU>
        <Name>Chichigalpa</Name>
        <Locode/>
        <Coordinates/>
        <IsActive>true</IsActive>
        <C_Country_ID reference="id">263</C_Country_ID>
    </C_City>
    <C_City type="table">
        <AD_Client_ID>0</AD_Client_ID>
        <AD_Org_ID>0</AD_Org_ID>
        <Postal>13001</Postal>
        <C_Region_ID reference="uuid" reference-key="C_Region">eda02e6d-0ff6-4f40-9073-4d9a0e7c7cd1</C_Region_ID>
        <AreaCode/>
        <C_City_UU>3cab5593-5fcb-4186-8c6c-2d7fecdac9aa</C_City_UU>
        <Name>Chinandega</Name>
        <Locode/>
        <Coordinates/>
        <IsActive>true</IsActive>
        <C_Country_ID reference="id">263</C_Country_ID>
    </C_City>
    <C_City type="table">
        <AD_Client_ID>0</AD_Client_ID>
        <AD_Org_ID>0</AD_Org_ID>
        <Postal>13006</Postal>
        <C_Region_ID reference="uuid" reference-key="C_Region">eda02e6d-0ff6-4f40-9073-4d9a0e7c7cd1</C_Region_ID>
        <AreaCode/>
        <C_City_UU>c2fcbe54-02cb-4a0d-9046-413b84bb346c</C_City_UU>
        <Name>San Juan de Cinco Pinos</Name>
        <Locode/>
        <Coordinates/>
        <IsActive>true</IsActive>
        <C_Country_ID reference="id">263</C_Country_ID>
    </C_City>
    <C_City type="table">
        <AD_Client_ID>0</AD_Client_ID>
        <AD_Org_ID>0</AD_Org_ID>
        <Postal>13030</Postal>
        <C_Region_ID reference="uuid" reference-key="C_Region">eda02e6d-0ff6-4f40-9073-4d9a0e7c7cd1</C_Region_ID>
        <AreaCode/>
        <C_City_UU>19b509e1-392c-4826-bb6f-16b00559d83a</C_City_UU>
        <Name>Corinto</Name>
        <Locode/>
        <Coordinates/>
        <IsActive>true</IsActive>
        <C_Country_ID reference="id">263</C_Country_ID>
    </C_City>
    <C_City type="table">
        <AD_Client_ID>0</AD_Client_ID>
        <AD_Org_ID>0</AD_Org_ID>
        <Postal>13042</Postal>
        <C_Region_ID reference="uuid" reference-key="C_Region">2eda02e6d-0ff6-4f40-9073-4d9a0e7c7cd1</C_Region_ID>
        <AreaCode/>
        <C_City_UU>43c432d2-1181-4abc-b5cb-8e877d088cf8</C_City_UU>
        <Name>El Realejo</Name>
        <Locode/>
        <Coordinates/>
        <IsActive>true</IsActive>
        <C_Country_ID reference="id">263</C_Country_ID>
    </C_City>
    <C_City type="table">
        <AD_Client_ID>0</AD_Client_ID>
        <AD_Org_ID>0</AD_Org_ID>
        <Postal>13052</Postal>
        <C_Region_ID reference="uuid" reference-key="C_Region">eda02e6d-0ff6-4f40-9073-4d9a0e7c7cd1</C_Region_ID>
        <AreaCode/>
        <C_City_UU>e5734553-08a7-4980-bd71-a0eaa0d34721</C_City_UU>
        <Name>El Viejo</Name>
        <Locode/>
        <Coordinates/>
        <IsActive>true</IsActive>
        <C_Country_ID reference="id">263</C_Country_ID>
    </C_City>
    <C_City type="table">
        <AD_Client_ID>0</AD_Client_ID>
        <AD_Org_ID>0</AD_Org_ID>
        <Postal>13062</Postal>
        <C_Region_ID reference="uuid" reference-key="C_Region">eda02e6d-0ff6-4f40-9073-4d9a0e7c7cd1</C_Region_ID>
        <AreaCode/>
        <C_City_UU>2e19312d-e5a9-4f96-97d2-bbc7e2472907</C_City_UU>
        <Name>Posoltega</Name>
        <Locode/>
        <Coordinates/>
        <IsActive>true</IsActive>
        <C_Country_ID reference="id">263</C_Country_ID>
    </C_City>
    <C_City type="table">
        <AD_Client_ID>0</AD_Client_ID>
        <AD_Org_ID>0</AD_Org_ID>
        <Postal>13074</Postal>
        <C_Region_ID reference="uuid" reference-key="C_Region">eda02e6d-0ff6-4f40-9073-4d9a0e7c7cd1</C_Region_ID>
        <AreaCode/>
        <C_City_UU>5679aa7a-db26-4c97-9c80-637e95f2fdb5</C_City_UU>
        <Name>Puerto Morazan</Name>
        <Locode/>
        <Coordinates/>
        <IsActive>true</IsActive>
        <C_Country_ID reference="id">263</C_Country_ID>
    </C_City>
    <C_City type="table">
        <AD_Client_ID>0</AD_Client_ID>
        <AD_Org_ID>0</AD_Org_ID>
        <Postal>13140</Postal>
        <C_Region_ID reference="uuid" reference-key="C_Region">eda02e6d-0ff6-4f40-9073-4d9a0e7c7cd1</C_Region_ID>
        <AreaCode/>
        <C_City_UU>4b9beabd-4ba5-4fbf-8baa-0510b43ebbeb</C_City_UU>
        <Name>San Francisco del Norte</Name>
        <Locode/>
        <Coordinates/>
        <IsActive>true</IsActive>
        <C_Country_ID reference="id">263</C_Country_ID>
    </C_City>
    <C_City type="table">
        <AD_Client_ID>0</AD_Client_ID>
        <AD_Org_ID>0</AD_Org_ID>
        <Postal>13160</Postal>
        <C_Region_ID reference="uuid" reference-key="C_Region">eda02e6d-0ff6-4f40-9073-4d9a0e7c7cd1</C_Region_ID>
        <AreaCode/>
        <C_City_UU>462728c8-bfa6-47fe-8476-c9c7b4af7d39</C_City_UU>
        <Name>San Pedro del Norte</Name>
        <Locode/>
        <Coordinates/>
        <IsActive>true</IsActive>
        <C_Country_ID reference="id">263</C_Country_ID>
    </C_City>
    <C_City type="table">
        <AD_Client_ID>0</AD_Client_ID>
        <AD_Org_ID>0</AD_Org_ID>
        <Postal>13188</Postal>
        <C_Region_ID reference="uuid" reference-key="C_Region">eda02e6d-0ff6-4f40-9073-4d9a0e7c7cd1</C_Region_ID>
        <AreaCode/>
        <C_City_UU>e35a4167-36d5-4337-acc7-4c18b55c3d3f</C_City_UU>
        <Name>Santo Tomas del Norte</Name>
        <Locode/>
        <Coordinates/>
        <IsActive>true</IsActive>
        <C_Country_ID reference="id">263</C_Country_ID>
    </C_City>
    <C_City type="table">
        <AD_Client_ID>0</AD_Client_ID>
        <AD_Org_ID>0</AD_Org_ID>
        <Postal>13212</Postal>
        <C_Region_ID reference="uuid" reference-key="C_Region">eda02e6d-0ff6-4f40-9073-4d9a0e7c7cd1</C_Region_ID>
        <AreaCode/>
        <C_City_UU>e51c8a1b-5343-47b9-96d7-64bfd376acb9</C_City_UU>
        <Name>Somotillo</Name>
        <Locode/>
        <Coordinates/>
        <IsActive>true</IsActive>
        <C_Country_ID reference="id">263</C_Country_ID>
    </C_City>
    <C_City type="table">
        <AD_Client_ID>0</AD_Client_ID>
        <AD_Org_ID>0</AD_Org_ID>
        <Postal>13222</Postal>
        <C_Region_ID reference="uuid" reference-key="C_Region">eda02e6d-0ff6-4f40-9073-4d9a0e7c7cd1</C_Region_ID>
        <AreaCode/>
        <C_City_UU>7e17a39f-c255-4c75-9faa-5c55be34f0d5</C_City_UU>
        <Name>Villanueva</Name>
        <Locode/>
        <Coordinates/>
        <IsActive>true</IsActive>
        <C_Country_ID reference="id">263</C_Country_ID>
    </C_City>
    <C_City type="table">
        <AD_Client_ID>0</AD_Client_ID>
        <AD_Org_ID>0</AD_Org_ID>
        <Postal>13244</Postal>
        <C_Region_ID reference="uuid" reference-key="C_Region">296ca964-4037-419d-8680-003dab587c74</C_Region_ID>
        <AreaCode/>
        <C_City_UU>34894426-83c7-47bb-a721-753ae0f9a745</C_City_UU>
        <Name>Acoyapa</Name>
        <Locode/>
        <Coordinates/>
        <IsActive>true</IsActive>
        <C_Country_ID reference="id">263</C_Country_ID>
    </C_City>
    <C_City type="table">
        <AD_Client_ID>0</AD_Client_ID>
        <AD_Org_ID>0</AD_Org_ID>
        <Postal>13248</Postal>
        <C_Region_ID reference="uuid" reference-key="C_Region">296ca964-4037-419d-8680-003dab587c74</C_Region_ID>
        <AreaCode/>
        <C_City_UU>6e4b710f-0009-4100-8f2b-d2883fca48cc</C_City_UU>
        <Name>Comalapa</Name>
        <Locode/>
        <Coordinates/>
        <IsActive>true</IsActive>
        <C_Country_ID reference="id">263</C_Country_ID>
    </C_City>
    <C_City type="table">
        <AD_Client_ID>0</AD_Client_ID>
        <AD_Org_ID>0</AD_Org_ID>
        <Postal>13268</Postal>
        <C_Region_ID reference="uuid" reference-key="C_Region">296ca964-4037-419d-8680-003dab587c74</C_Region_ID>
        <AreaCode/>
        <C_City_UU>11998887-ba19-48ba-9917-9cc9c4a308bc</C_City_UU>
        <Name>El Coral</Name>
        <Locode/>
        <Coordinates/>
        <IsActive>true</IsActive>
        <C_Country_ID reference="id">263</C_Country_ID>
    </C_City>
    <C_City type="table">
        <AD_Client_ID>0</AD_Client_ID>
        <AD_Org_ID>0</AD_Org_ID>
        <Postal>13300</Postal>
        <C_Region_ID reference="uuid" reference-key="C_Region">296ca964-4037-419d-8680-003dab587c74</C_Region_ID>
        <AreaCode/>
        <C_City_UU>fd9ccc8b-4709-4498-8bec-a444d1aac9ad</C_City_UU>
        <Name>Juigalpa</Name>
        <Locode/>
        <Coordinates/>
        <IsActive>true</IsActive>
        <C_Country_ID reference="id">263</C_Country_ID>
    </C_City>
    <C_City type="table">
        <AD_Client_ID>0</AD_Client_ID>
        <AD_Org_ID>0</AD_Org_ID>
        <Postal>13430</Postal>
        <C_Region_ID reference="uuid" reference-key="C_Region">296ca964-4037-419d-8680-003dab587c74</C_Region_ID>
        <AreaCode/>
        <C_City_UU>90bd426e-6df3-49a0-9a21-fcf587bb447d</C_City_UU>
        <Name>La Libertad</Name>
        <Locode/>
        <Coordinates/>
        <IsActive>true</IsActive>
        <C_Country_ID reference="id">263</C_Country_ID>
    </C_City>
    <C_City type="table">
        <AD_Client_ID>0</AD_Client_ID>
        <AD_Org_ID>0</AD_Org_ID>
        <Postal>13433</Postal>
        <C_Region_ID reference="uuid" reference-key="C_Region">296ca964-4037-419d-8680-003dab587c74</C_Region_ID>
        <AreaCode/>
        <C_City_UU>c7f0bfe1-1fbe-4688-8c04-1a7e32ecaa1e</C_City_UU>
        <Name>San Francisco de Cuapa</Name>
        <Locode/>
        <Coordinates/>
        <IsActive>true</IsActive>
        <C_Country_ID reference="id">263</C_Country_ID>
    </C_City>
    <C_City type="table">
        <AD_Client_ID>0</AD_Client_ID>
        <AD_Org_ID>0</AD_Org_ID>
        <Postal>13440</Postal>
        <C_Region_ID reference="uuid" reference-key="C_Region">296ca964-4037-419d-8680-003dab587c74</C_Region_ID>
        <AreaCode/>
        <C_City_UU>0f946c97-7326-4d78-8797-0c4189932142</C_City_UU>
        <Name>San Pedro de Lovago</Name>
        <Locode/>
        <Coordinates/>
        <IsActive>true</IsActive>
        <C_Country_ID reference="id">263</C_Country_ID>
    </C_City>
    <C_City type="table">
        <AD_Client_ID>0</AD_Client_ID>
        <AD_Org_ID>0</AD_Org_ID>
        <Postal>13442</Postal>
        <C_Region_ID reference="uuid" reference-key="C_Region">296ca964-4037-419d-8680-003dab587c74</C_Region_ID>
        <AreaCode/>
        <C_City_UU>dafd3b5b-eeac-4f60-9bc6-5c92528096d3</C_City_UU>
        <Name>Santo Domingo</Name>
        <Locode/>
        <Coordinates/>
        <IsActive>true</IsActive>
        <C_Country_ID reference="id">263</C_Country_ID>
    </C_City>
    <C_City type="table">
        <AD_Client_ID>0</AD_Client_ID>
        <AD_Org_ID>0</AD_Org_ID>
        <Postal>13458</Postal>
        <C_Region_ID reference="uuid" reference-key="C_Region">296ca964-4037-419d-8680-003dab587c74</C_Region_ID>
        <AreaCode/>
        <C_City_UU>2e349e22-fd70-496e-bc63-b23b2766ae2c</C_City_UU>
        <Name>Santo Tomas</Name>
        <Locode/>
        <Coordinates/>
        <IsActive>true</IsActive>
        <C_Country_ID reference="id">263</C_Country_ID>
    </C_City>
    <C_City type="table">
        <AD_Client_ID>0</AD_Client_ID>
        <AD_Org_ID>0</AD_Org_ID>
        <Postal>13468</Postal>
        <C_Region_ID reference="uuid" reference-key="C_Region">296ca964-4037-419d-8680-003dab587c74</C_Region_ID>
        <AreaCode/>
        <C_City_UU>43f81c21-7b8b-4b64-b749-f22e22457250</C_City_UU>
        <Name>Villa Sandino</Name>
        <Locode/>
        <Coordinates/>
        <IsActive>true</IsActive>
        <C_Country_ID reference="id">263</C_Country_ID>
    </C_City>
    <C_City type="table">
        <AD_Client_ID>0</AD_Client_ID>
        <AD_Org_ID>0</AD_Org_ID>
        <Postal>15001</Postal>
        <C_Region_ID reference="uuid" reference-key="C_Region">d3361c61-1e78-4899-9281-06b80670c25d</C_Region_ID>
        <AreaCode/>
        <C_City_UU>f224b130-9f4a-4eb1-834a-a6235b592816</C_City_UU>
        <Name>Condega</Name>
        <Locode/>
        <Coordinates/>
        <IsActive>true</IsActive>
        <C_Country_ID reference="id">263</C_Country_ID>
    </C_City>
    <C_City type="table">
        <AD_Client_ID>0</AD_Client_ID>
        <AD_Org_ID>0</AD_Org_ID>
        <Postal>15022</Postal>
        <C_Region_ID reference="uuid" reference-key="C_Region">d3361c61-1e78-4899-9281-06b80670c25d</C_Region_ID>
        <AreaCode/>
        <C_City_UU>be9fec96-9d4c-4390-a464-e2e9405fd66e</C_City_UU>
        <Name>Esteli</Name>
        <Locode/>
        <Coordinates/>
        <IsActive>true</IsActive>
        <C_Country_ID reference="id">263</C_Country_ID>
    </C_City>
    <C_City type="table">
        <AD_Client_ID>0</AD_Client_ID>
        <AD_Org_ID>0</AD_Org_ID>
        <Postal>15047</Postal>
        <C_Region_ID reference="uuid" reference-key="C_Region">d3361c61-1e78-4899-9281-06b80670c25d</C_Region_ID>
        <AreaCode/>
        <C_City_UU>af5e0ca7-2813-4c7d-b928-27b9b67c51de</C_City_UU>
        <Name>La Trinidad</Name>
        <Locode/>
        <Coordinates/>
        <IsActive>true</IsActive>
        <C_Country_ID reference="id">263</C_Country_ID>
    </C_City>
    <C_City type="table">
        <AD_Client_ID>0</AD_Client_ID>
        <AD_Org_ID>0</AD_Org_ID>
        <Postal>15051</Postal>
        <C_Region_ID reference="uuid" reference-key="C_Region">d3361c61-1e78-4899-9281-06b80670c25d</C_Region_ID>
        <AreaCode/>
        <C_City_UU>f93e251b-ecee-4281-ac27-476ac53ecd38</C_City_UU>
        <Name>Pueblo Nuevo</Name>
        <Locode/>
        <Coordinates/>
        <IsActive>true</IsActive>
        <C_Country_ID reference="id">263</C_Country_ID>
    </C_City>
    <C_City type="table">
        <AD_Client_ID>0</AD_Client_ID>
        <AD_Org_ID>0</AD_Org_ID>
        <Postal>15087</Postal>
        <C_Region_ID reference="uuid" reference-key="C_Region">d3361c61-1e78-4899-9281-06b80670c25d</C_Region_ID>
        <AreaCode/>
        <C_City_UU>9a4a6da4-978f-4bbe-9b75-e728d95bb2b0</C_City_UU>
        <Name>San Juan de Limay</Name>
        <Locode/>
        <Coordinates/>
        <IsActive>true</IsActive>
        <C_Country_ID reference="id">263</C_Country_ID>
    </C_City>
    <C_City type="table">
        <AD_Client_ID>0</AD_Client_ID>
        <AD_Org_ID>0</AD_Org_ID>
        <Postal>15090</Postal>
        <C_Region_ID reference="uuid" reference-key="C_Region">d3361c61-1e78-4899-9281-06b80670c25d</C_Region_ID>
        <AreaCode/>
        <C_City_UU>3695e2e5-3fc5-4588-82e5-3b2ff768606c</C_City_UU>
        <Name>San Nicolas de Oriente</Name>
        <Locode/>
        <Coordinates/>
        <IsActive>true</IsActive>
        <C_Country_ID reference="id">263</C_Country_ID>
     </C_City>
    <C_City type="table">
        <AD_Client_ID>0</AD_Client_ID>
        <AD_Org_ID>0</AD_Org_ID>
        <Postal>17001</Postal>
        <C_Region_ID reference="uuid" reference-key="C_Region">fc89a575-3b4b-49c2-8d43-b92ecc9fae69</C_Region_ID>
        <AreaCode/>
        <C_City_UU>7bc86e6e-4eaf-4b81-9b90-9fc437c9a95c</C_City_UU>
        <Name>Diria</Name>
        <Locode/>
        <Coordinates/>
        <IsActive>true</IsActive>
        <C_Country_ID reference="id">263</C_Country_ID>
    </C_City>
    <C_City type="table">
        <AD_Client_ID>0</AD_Client_ID>
        <AD_Org_ID>0</AD_Org_ID>
        <Postal>17013</Postal>
        <C_Region_ID reference="uuid" reference-key="C_Region">fc89a575-3b4b-49c2-8d43-b92ecc9fae69</C_Region_ID>
        <AreaCode/>
        <C_City_UU>6880b2cb-b4e1-4213-8bbd-05c992e410cd</C_City_UU>
        <Name>Diriomo</Name>
        <Locode/>
        <Coordinates/>
        <IsActive>true</IsActive>
        <C_Country_ID reference="id">263</C_Country_ID>
    </C_City>
    <C_City type="table">
        <AD_Client_ID>0</AD_Client_ID>
        <AD_Org_ID>0</AD_Org_ID>
        <Postal>17042</Postal>
        <C_Region_ID reference="uuid" reference-key="C_Region">fc89a575-3b4b-49c2-8d43-b92ecc9fae69</C_Region_ID>
        <AreaCode/>
        <C_City_UU>b6dc6526-fcb4-48ae-9adb-9c041bf1e2d2</C_City_UU>
        <Name>Granada</Name>
        <Locode/>
        <Coordinates/>
        <IsActive>true</IsActive>
        <C_Country_ID reference="id">263</C_Country_ID>
    </C_City>
    <C_City type="table">
        <AD_Client_ID>0</AD_Client_ID>
        <AD_Org_ID>0</AD_Org_ID>
        <Postal>17050</Postal>
        <C_Region_ID reference="uuid" reference-key="C_Region">fc89a575-3b4b-49c2-8d43-b92ecc9fae69</C_Region_ID>
        <AreaCode/>
        <C_City_UU>a5735a7c-cde7-4c3b-89fa-7bcd8bf1d471</C_City_UU>
        <Name>Nandaime</Name>
        <Locode/>
        <Coordinates/>
        <IsActive>true</IsActive>
        <C_Country_ID reference="id">263</C_Country_ID>
    </C_City>
    <C_City type="table">
        <AD_Client_ID>0</AD_Client_ID>
        <AD_Org_ID>0</AD_Org_ID>
        <Postal>18001</Postal>
        <C_Region_ID reference="uuid" reference-key="C_Region">fd10aa38-9b97-4a4d-af2b-8b8493101c6c</C_Region_ID>
        <AreaCode/>
        <C_City_UU>65fdab2c-c746-46ec-8bfa-2b480a49a073</C_City_UU>
        <Name>El Cua</Name>
        <Locode/>
        <Coordinates/>
        <IsActive>true</IsActive>
        <C_Country_ID reference="id">263</C_Country_ID>
    </C_City>
    <C_City type="table">
        <AD_Client_ID>0</AD_Client_ID>
        <AD_Org_ID>0</AD_Org_ID>
        <Postal>18029</Postal>
        <C_Region_ID reference="uuid" reference-key="C_Region">fd10aa38-9b97-4a4d-af2b-8b8493101c6c</C_Region_ID>
        <AreaCode/>
        <C_City_UU>6d846854-df1e-4197-a080-d7f8f0dd29bc</C_City_UU>
        <Name>Jinotega</Name>
        <Locode/>
        <Coordinates/>
        <IsActive>true</IsActive>
        <C_Country_ID reference="id">263</C_Country_ID>
    </C_City>
    <C_City type="table">
        <AD_Client_ID>0</AD_Client_ID>
        <AD_Org_ID>0</AD_Org_ID>
        <Postal>18094</Postal>
        <C_Region_ID reference="uuid" reference-key="C_Region">fd10aa38-9b97-4a4d-af2b-8b8493101c6c</C_Region_ID>
        <AreaCode/>
        <C_City_UU>f15cbe94-55a6-4d68-99ca-190e559dae3a</C_City_UU>
        <Name>La Concordia</Name>
        <Locode/>
        <Coordinates/>
        <IsActive>true</IsActive>
        <C_Country_ID reference="id">263</C_Country_ID>
    </C_City>
    <C_City type="table">
        <AD_Client_ID>0</AD_Client_ID>
        <AD_Org_ID>0</AD_Org_ID>
        <Postal>18150</Postal>
        <C_Region_ID reference="uuid" reference-key="C_Region">fd10aa38-9b97-4a4d-af2b-8b8493101c6c</C_Region_ID>
        <AreaCode/>
        <C_City_UU>cd8d0e83-4da4-48f1-b67c-f493bedb82a5</C_City_UU>
        <Name>San Jose de Bocay</Name>
        <Locode/>
        <Coordinates/>
        <IsActive>true</IsActive>
        <C_Country_ID reference="id">263</C_Country_ID>
    </C_City>
    <C_City type="table">
        <AD_Client_ID>0</AD_Client_ID>
        <AD_Org_ID>0</AD_Org_ID>
        <Postal>18205</Postal>
        <C_Region_ID reference="uuid" reference-key="C_Region">fd10aa38-9b97-4a4d-af2b-8b8493101c6c</C_Region_ID>
        <AreaCode/>
        <C_City_UU>eeb65318-8f3e-4388-a640-48d6984de57b</C_City_UU>
        <Name>San Rafael del Norte</Name>
        <Locode/>
        <Coordinates/>
        <IsActive>true</IsActive>
        <C_Country_ID reference="id">263</C_Country_ID>
    </C_City>
    <C_City type="table">
        <AD_Client_ID>0</AD_Client_ID>
        <AD_Org_ID>0</AD_Org_ID>
        <Postal>18247</Postal>
        <C_Region_ID reference="uuid" reference-key="C_Region">fd10aa38-9b97-4a4d-af2b-8b8493101c6c</C_Region_ID>
        <AreaCode/>
        <C_City_UU>a07010d2-202b-45c7-9d30-bfbf6909bd5b</C_City_UU>
        <Name>San Sebastian de Yali</Name>
        <Locode/>
        <Coordinates/>
        <IsActive>true</IsActive>
        <C_Country_ID reference="id">263</C_Country_ID>
    </C_City>
    <C_City type="table">
        <AD_Client_ID>0</AD_Client_ID>
        <AD_Org_ID>0</AD_Org_ID>
        <Postal>18256</Postal>
        <C_Region_ID reference="uuid" reference-key="C_Region">fd10aa38-9b97-4a4d-af2b-8b8493101c6c</C_Region_ID>
        <AreaCode/>
        <C_City_UU>238d8b37-ecbe-4075-9ef9-7769d8ec8033</C_City_UU>
        <Name>Santa Maria de Pantasma</Name>
        <Locode/>
        <Coordinates/>
        <IsActive>true</IsActive>
        <C_Country_ID reference="id">263</C_Country_ID>
    </C_City>
    <C_City type="table">
        <AD_Client_ID>0</AD_Client_ID>
        <AD_Org_ID>0</AD_Org_ID>
        <Postal>18410</Postal>
        <C_Region_ID reference="uuid" reference-key="C_Region">fd10aa38-9b97-4a4d-af2b-8b8493101c6c</C_Region_ID>
        <AreaCode/>
        <C_City_UU>6562bd3f-f27e-4855-bb69-0a0e69bab9ac</C_City_UU>
        <Name>Wiwili</Name>
        <Locode/>
        <Coordinates/>
        <IsActive>true</IsActive>
        <C_Country_ID reference="id">263</C_Country_ID>
    </C_City>
    <C_City type="table">
        <AD_Client_ID>0</AD_Client_ID>
        <AD_Org_ID>0</AD_Org_ID>
        <Postal>19001</Postal>
        <C_Region_ID reference="uuid" reference-key="C_Region">d73f44bc-2a0a-4241-a7df-4f953b7541df</C_Region_ID>
        <AreaCode/>
        <C_City_UU>1eadabac-caf3-4620-b1f9-cb78af520e12</C_City_UU>
        <Name>Achuapa</Name>
        <Locode/>
        <Coordinates/>
        <IsActive>true</IsActive>
        <C_Country_ID reference="id">263</C_Country_ID>
    </C_City>
    <C_City type="table">
        <AD_Client_ID>0</AD_Client_ID>
        <AD_Org_ID>0</AD_Org_ID>
        <Postal>19022</Postal>
        <C_Region_ID reference="uuid" reference-key="C_Region">d73f44bc-2a0a-4241-a7df-4f953b7541df</C_Region_ID>
        <AreaCode/>
        <C_City_UU>e312b8fe-08f7-44eb-9621-4f3c45c610c4</C_City_UU>
        <Name>El Jicaral</Name>
        <Locode/>
        <Coordinates/>
        <IsActive>true</IsActive>
        <C_Country_ID reference="id">263</C_Country_ID>
    </C_City>
    <C_City type="table">
        <AD_Client_ID>0</AD_Client_ID>
        <AD_Org_ID>0</AD_Org_ID>
        <Postal>19050</Postal>
        <C_Region_ID reference="uuid" reference-key="C_Region">d73f44bc-2a0a-4241-a7df-4f953b7541df</C_Region_ID>
        <AreaCode/>
        <C_City_UU>234d0bf0-ca4b-451a-8ee6-bc8a2a717c7a</C_City_UU>
        <Name>El Sauce</Name>
        <Locode/>
        <Coordinates/>
        <IsActive>true</IsActive>
        <C_Country_ID reference="id">263</C_Country_ID>
    </C_City>
    <C_City type="table">
        <AD_Client_ID>0</AD_Client_ID>
        <AD_Org_ID>0</AD_Org_ID>
        <Postal>19075</Postal>
        <C_Region_ID reference="uuid" reference-key="C_Region">d73f44bc-2a0a-4241-a7df-4f953b7541df</C_Region_ID>
        <AreaCode/>
        <C_City_UU>4eece8a0-821c-47d2-bf40-a7cd8f17e18e</C_City_UU>
        <Name>La Paz Centro</Name>
        <Locode/>
        <Coordinates/>
        <IsActive>true</IsActive>
        <C_Country_ID reference="id">263</C_Country_ID>
    </C_City>
    <C_City type="table">
        <AD_Client_ID>0</AD_Client_ID>
        <AD_Org_ID>0</AD_Org_ID>
        <Postal>19100</Postal>
        <C_Region_ID reference="uuid" reference-key="C_Region">d73f44bc-2a0a-4241-a7df-4f953b7541df</C_Region_ID>
        <AreaCode/>
        <C_City_UU>8dfe595d-4262-4cb9-bb65-64c9c29bb47e</C_City_UU>
        <Name>Larreynaga</Name>
        <Locode/>
        <Coordinates/>
        <IsActive>true</IsActive>
        <C_Country_ID reference="id">263</C_Country_ID>
    </C_City>
    <C_City type="table">
        <AD_Client_ID>0</AD_Client_ID>
        <AD_Org_ID>0</AD_Org_ID>
        <Postal>19110</Postal>
        <C_Region_ID reference="uuid" reference-key="C_Region">d73f44bc-2a0a-4241-a7df-4f953b7541df</C_Region_ID>
        <AreaCode/>
        <C_City_UU>021d1ba1-5369-4528-a063-821cd1aa52ce</C_City_UU>
        <Name>Leon</Name>
        <Locode/>
        <Coordinates/>
        <IsActive>true</IsActive>
        <C_Country_ID reference="id">263</C_Country_ID>
    </C_City>
    <C_City type="table">
        <AD_Client_ID>0</AD_Client_ID>
        <AD_Org_ID>0</AD_Org_ID>
        <Postal>19130</Postal>
        <C_Region_ID reference="uuid" reference-key="C_Region">d73f44bc-2a0a-4241-a7df-4f953b7541df</C_Region_ID>
        <AreaCode/>
        <C_City_UU>4626b499-d7d2-4e74-8d1d-380ed80225e4</C_City_UU>
        <Name>Nagarote</Name>
        <Locode/>
        <Coordinates/>
        <IsActive>true</IsActive>
        <C_Country_ID reference="id">263</C_Country_ID>
    </C_City>
    <C_City type="table">
        <AD_Client_ID>0</AD_Client_ID>
        <AD_Org_ID>0</AD_Org_ID>
        <Postal>19137</Postal>
        <C_Region_ID reference="uuid" reference-key="C_Region">d73f44bc-2a0a-4241-a7df-4f953b7541df</C_Region_ID>
        <AreaCode/>
        <C_City_UU>d8ffe344-8594-4dc8-adca-5193457f6b80</C_City_UU>
        <Name>Quezalguaque</Name>
        <Locode/>
        <Coordinates/>
        <IsActive>true</IsActive>
        <C_Country_ID reference="id">263</C_Country_ID>
    </C_City>
    <C_City type="table">
        <AD_Client_ID>0</AD_Client_ID>
        <AD_Org_ID>0</AD_Org_ID>
        <Postal>19142</Postal>
        <C_Region_ID reference="uuid" reference-key="C_Region">d73f44bc-2a0a-4241-a7df-4f953b7541df</C_Region_ID>
        <AreaCode/>
        <C_City_UU>258a3b13-76bb-40b3-b7eb-444934b67387</C_City_UU>
        <Name>Santa Rosa del Peñon</Name>
        <Locode/>
        <Coordinates/>
        <IsActive>true</IsActive>
        <C_Country_ID reference="id">263</C_Country_ID>
    </C_City>
    <C_City type="table">
        <AD_Client_ID>0</AD_Client_ID>
        <AD_Org_ID>0</AD_Org_ID>
        <Postal>19212</Postal>
        <C_Region_ID reference="uuid" reference-key="C_Region">d73f44bc-2a0a-4241-a7df-4f953b7541df</C_Region_ID>
        <AreaCode/>
        <C_City_UU>2e32e796-14ce-4de1-a332-a3ce2d9ec2a8</C_City_UU>
        <Name>Telica</Name>
        <Locode/>
        <Coordinates/>
        <IsActive>true</IsActive>
        <C_Country_ID reference="id">263</C_Country_ID>
    </C_City>
    <C_City type="table">
        <AD_Client_ID>0</AD_Client_ID>
        <AD_Org_ID>0</AD_Org_ID>
        <Postal>20001</Postal>
        <C_Region_ID reference="uuid" reference-key="C_Region">c4e51844-76f9-4334-9c9c-b3c1b2863641</C_Region_ID>
        <AreaCode/>
        <C_City_UU>a81a2ced-60a5-4416-95eb-3e0c0fe771fe</C_City_UU>
        <Name>Las Sabanas</Name>
        <Locode/>
        <Coordinates/>
        <IsActive>true</IsActive>
        <C_Country_ID reference="id">263</C_Country_ID>
    </C_City>
    <C_City type="table">
        <AD_Client_ID>0</AD_Client_ID>
        <AD_Org_ID>0</AD_Org_ID>
        <Postal>20011</Postal>
        <C_Region_ID reference="uuid" reference-key="C_Region">c4e51844-76f9-4334-9c9c-b3c1b2863641</C_Region_ID>
        <AreaCode/>
        <C_City_UU>15a20dc3-f91a-4863-9113-7a5fe1a43b0c</C_City_UU>
        <Name>Palacaguina</Name>
        <Locode/>
        <Coordinates/>
        <IsActive>true</IsActive>
        <C_Country_ID reference="id">263</C_Country_ID>
    </C_City>
    <C_City type="table">
        <AD_Client_ID>0</AD_Client_ID>
        <AD_Org_ID>0</AD_Org_ID>
        <Postal>20013</Postal>
        <C_Region_ID reference="uuid" reference-key="C_Region">c4e51844-76f9-4334-9c9c-b3c1b2863641</C_Region_ID>
        <AreaCode/>
        <C_City_UU>bb3c1db9-2b42-4f1b-a3bd-830eb3325014</C_City_UU>
        <Name>San Jose de Cusmapa</Name>
        <Locode/>
        <Coordinates/>
        <IsActive>true</IsActive>
        <C_Country_ID reference="id">263</C_Country_ID>
    </C_City>
    <C_City type="table">
        <AD_Client_ID>0</AD_Client_ID>
        <AD_Org_ID>0</AD_Org_ID>
        <Postal>20032</Postal>
        <C_Region_ID reference="uuid" reference-key="C_Region">c4e51844-76f9-4334-9c9c-b3c1b2863641</C_Region_ID>
        <AreaCode/>
        <C_City_UU>43209d6e-4106-4b19-9da5-ed2b6ce8078f</C_City_UU>
        <Name>San Juan del Rio Coco</Name>
        <Locode/>
        <Coordinates/>
        <IsActive>true</IsActive>
        <C_Country_ID reference="id">263</C_Country_ID>
    </C_City>
    <C_City type="table">
        <AD_Client_ID>0</AD_Client_ID>
        <AD_Org_ID>0</AD_Org_ID>
        <Postal>20045</Postal>
        <C_Region_ID reference="uuid" reference-key="C_Region">c4e51844-76f9-4334-9c9c-b3c1b2863641</C_Region_ID>
        <AreaCode/>
        <C_City_UU>be856fc4-4ba7-4c69-b7ec-26b3c34f85f2</C_City_UU>
        <Name>San Lucas</Name>
        <Locode/>
        <Coordinates/>
        <IsActive>true</IsActive>
        <C_Country_ID reference="id">263</C_Country_ID>
    </C_City>
    <C_City type="table">
        <AD_Client_ID>0</AD_Client_ID>
        <AD_Org_ID>0</AD_Org_ID>
        <Postal>20060</Postal>
        <C_Region_ID reference="uuid" reference-key="C_Region">c4e51844-76f9-4334-9c9c-b3c1b2863641</C_Region_ID>
        <AreaCode/>
        <C_City_UU>6f388c95-c6c1-4ff3-81f6-044b656c4137</C_City_UU>
        <Name>Somoto</Name>
        <Locode/>
        <Coordinates/>
        <IsActive>true</IsActive>
        <C_Country_ID reference="id">263</C_Country_ID>
    </C_City>
    <C_City type="table">
        <AD_Client_ID>0</AD_Client_ID>
        <AD_Org_ID>0</AD_Org_ID>
        <Postal>20175</Postal>
        <C_Region_ID reference="uuid" reference-key="C_Region">c4e51844-76f9-4334-9c9c-b3c1b2863641</C_Region_ID>
        <AreaCode/>
        <C_City_UU>0628c34c-1bec-4aea-87e7-da349ec83ad8</C_City_UU>
        <Name>Telpaneca</Name>
        <Locode/>
        <Coordinates/>
        <IsActive>true</IsActive>
        <C_Country_ID reference="id">263</C_Country_ID>
    </C_City>
    <C_City type="table">
        <AD_Client_ID>0</AD_Client_ID>
        <AD_Org_ID>0</AD_Org_ID>
        <Postal>20178</Postal>
        <C_Region_ID reference="uuid" reference-key="C_Region">c4e51844-76f9-4334-9c9c-b3c1b2863641</C_Region_ID>
        <AreaCode/>
        <C_City_UU>627bc141-869c-455f-90f2-f7493effb5e9</C_City_UU>
        <Name>Totogalpa</Name>
        <Locode/>
        <Coordinates/>
        <IsActive>true</IsActive>
        <C_Country_ID reference="id">263</C_Country_ID>
    </C_City>
    <C_City type="table">
        <AD_Client_ID>0</AD_Client_ID>
        <AD_Org_ID>0</AD_Org_ID>
        <Postal>20228</Postal>
        <C_Region_ID reference="uuid" reference-key="C_Region">c4e51844-76f9-4334-9c9c-b3c1b2863641</C_Region_ID>
        <AreaCode/>
        <C_City_UU>ade9f2cb-bfdd-47a0-9a13-2bf56c22c924</C_City_UU>
        <Name>Yalaguina</Name>
        <Locode/>
        <Coordinates/>
        <IsActive>true</IsActive>
        <C_Country_ID reference="id">263</C_Country_ID>
    </C_City>
    <C_City type="table">
        <AD_Client_ID>0</AD_Client_ID>
        <AD_Org_ID>0</AD_Org_ID>
        <Postal>23001</Postal>
        <C_Region_ID reference="uuid" reference-key="C_Region">af5c45f8-6dae-405d-bcd6-fc625af97645</C_Region_ID>
        <AreaCode/>
        <C_City_UU>91e04f2a-5277-45dd-a01c-ad01e2921e49</C_City_UU>
        <Name>Ciudad Sandino</Name>
        <Locode/>
        <Coordinates/>
        <IsActive>true</IsActive>
        <C_Country_ID reference="id">263</C_Country_ID>
    </C_City>
    <C_City type="table">
        <AD_Client_ID>0</AD_Client_ID>
        <AD_Org_ID>0</AD_Org_ID>
        <Postal>23068</Postal>
        <C_Region_ID reference="uuid" reference-key="C_Region">af5c45f8-6dae-405d-bcd6-fc625af97645</C_Region_ID>
        <AreaCode/>
        <C_City_UU>3914fc0f-9750-4bcf-9dfa-9ebbceaf8364</C_City_UU>
        <Name>El Crucero</Name>
        <Locode/>
        <Coordinates/>
        <IsActive>true</IsActive>
        <C_Country_ID reference="id">263</C_Country_ID>
    </C_City>
    <C_City type="table">
        <AD_Client_ID>0</AD_Client_ID>
        <AD_Org_ID>0</AD_Org_ID>
        <Postal>23079</Postal>
        <C_Region_ID reference="uuid" reference-key="C_Region">af5c45f8-6dae-405d-bcd6-fc625af97645</C_Region_ID>
        <AreaCode/>
        <C_City_UU>4573ecac-70ec-4f4f-9400-4193f26f6279</C_City_UU>
        <Name>Managua</Name>
        <Locode/>
        <Coordinates/>
        <IsActive>true</IsActive>
        <C_Country_ID reference="id">263</C_Country_ID>
    </C_City>
    <C_City type="table">
        <AD_Client_ID>0</AD_Client_ID>
        <AD_Org_ID>0</AD_Org_ID>
        <Postal>23090</Postal>
        <C_Region_ID reference="uuid" reference-key="C_Region">af5c45f8-6dae-405d-bcd6-fc625af97645</C_Region_ID>
        <AreaCode/>
        <C_City_UU>28dc0e03-73e3-4cf2-82b4-75856c2e6646</C_City_UU>
        <Name>Mateare</Name>
        <Locode/>
        <Coordinates/>
        <IsActive>true</IsActive>
        <C_Country_ID reference="id">263</C_Country_ID>
    </C_City>
    <C_City type="table">
        <AD_Client_ID>0</AD_Client_ID>
        <AD_Org_ID>0</AD_Org_ID>
        <Postal>23162</Postal>
        <C_Region_ID reference="uuid" reference-key="C_Region">af5c45f8-6dae-405d-bcd6-fc625af97645</C_Region_ID>
        <AreaCode/>
        <C_City_UU>70596cd0-ccf4-4c6c-8c47-c108352c3f0b</C_City_UU>
        <Name>San Francisco Libre</Name>
        <Locode/>
        <Coordinates/>
        <IsActive>true</IsActive>
        <C_Country_ID reference="id">263</C_Country_ID>
    </C_City>
    <C_City type="table">
        <AD_Client_ID>0</AD_Client_ID>
        <AD_Org_ID>0</AD_Org_ID>
        <Postal>23168</Postal>
        <C_Region_ID reference="uuid" reference-key="C_Region">af5c45f8-6dae-405d-bcd6-fc625af97645</C_Region_ID>
        <AreaCode/>
        <C_City_UU>89600cb3-0458-4517-8d2c-8687d97811ac</C_City_UU>
        <Name>San Rafael del Sur</Name>
        <Locode/>
        <Coordinates/>
        <IsActive>true</IsActive>
        <C_Country_ID reference="id">263</C_Country_ID>
    </C_City>
    <C_City type="table">
        <AD_Client_ID>0</AD_Client_ID>
        <AD_Org_ID>0</AD_Org_ID>
        <Postal>23182</Postal>
        <C_Region_ID reference="uuid" reference-key="C_Region">af5c45f8-6dae-405d-bcd6-fc625af97645</C_Region_ID>
        <AreaCode/>
        <C_City_UU>4945b012-505b-4d85-83b8-dbb462fa8250</C_City_UU>
        <Name>Ticuantepe</Name>
        <Locode/>
        <Coordinates/>
        <IsActive>true</IsActive>
        <C_Country_ID reference="id">263</C_Country_ID>
    </C_City>
    <C_City type="table">
        <AD_Client_ID>0</AD_Client_ID>
        <AD_Org_ID>0</AD_Org_ID>
        <Postal>23189</Postal>
        <C_Region_ID reference="uuid" reference-key="C_Region">af5c45f8-6dae-405d-bcd6-fc625af97645</C_Region_ID>
        <AreaCode/>
        <C_City_UU>51ef0180-30e0-40d6-82ce-8b04ed1e8471</C_City_UU>
        <Name>Tipitapa</Name>
        <Locode/>
        <Coordinates/>
        <IsActive>true</IsActive>
        <C_Country_ID reference="id">263</C_Country_ID>
    </C_City>
    <C_City type="table">
        <AD_Client_ID>0</AD_Client_ID>
        <AD_Org_ID>0</AD_Org_ID>
        <Postal>23300</Postal>
        <C_Region_ID reference="uuid" reference-key="C_Region">af5c45f8-6dae-405d-bcd6-fc625af97645</C_Region_ID>
        <AreaCode/>
        <C_City_UU>8d4c7b78-1f29-487f-ae7a-9c24ea4de461</C_City_UU>
        <Name>Villa Carlos Fonseca</Name>
        <Locode/>
        <Coordinates/>
        <IsActive>true</IsActive>
        <C_Country_ID reference="id">263</C_Country_ID>
    </C_City>
    <C_City type="table">
        <AD_Client_ID>0</AD_Client_ID>
        <AD_Org_ID>0</AD_Org_ID>
        <Postal>25001</Postal>
        <C_Region_ID reference="uuid" reference-key="C_Region">f1a4ea81-c52c-4861-87c3-ac9f576b9025</C_Region_ID>
        <AreaCode/>
        <C_City_UU>3f592420-6d02-46b1-851c-7e10d23cdf06</C_City_UU>
        <Name>Catarina</Name>
        <Locode/>
        <Coordinates/>
        <IsActive>true</IsActive>
        <C_Country_ID reference="id">263</C_Country_ID>
    </C_City>
    <C_City type="table">
        <AD_Client_ID>0</AD_Client_ID>
        <AD_Org_ID>0</AD_Org_ID>
        <Postal>25019</Postal>
        <C_Region_ID reference="uuid" reference-key="C_Region">f1a4ea81-c52c-4861-87c3-ac9f576b9025</C_Region_ID>
        <AreaCode/>
        <C_City_UU>4565cd1b-ec61-415f-975b-bbae151fdd5a</C_City_UU>
        <Name>La Concepcion</Name>
        <Locode/>
        <Coordinates/>
        <IsActive>true</IsActive>
        <C_Country_ID reference="id">263</C_Country_ID>
    </C_City>
    <C_City type="table">
        <AD_Client_ID>0</AD_Client_ID>
        <AD_Org_ID>0</AD_Org_ID>
        <Postal>25035</Postal>
        <C_Region_ID reference="uuid" reference-key="C_Region">f1a4ea81-c52c-4861-87c3-ac9f576b9025</C_Region_ID>
        <AreaCode/>
        <C_City_UU>c36fba2c-b539-4eaa-bee5-e6a0b1552ea5</C_City_UU>
        <Name>Masatepe</Name>
        <Locode/>
        <Coordinates/>
        <IsActive>true</IsActive>
        <C_Country_ID reference="id">263</C_Country_ID>
    </C_City>
    <C_City type="table">
        <AD_Client_ID>0</AD_Client_ID>
        <AD_Org_ID>0</AD_Org_ID>
        <Postal>25040</Postal>
        <C_Region_ID reference="uuid" reference-key="C_Region">f1a4ea81-c52c-4861-87c3-ac9f576b9025</C_Region_ID>
        <AreaCode/>
        <C_City_UU>b2a97789-f60b-491d-908f-8b825fcf1983</C_City_UU>
        <Name>Masaya</Name>
        <Locode/>
        <Coordinates/>
        <IsActive>true</IsActive>
        <C_Country_ID reference="id">263</C_Country_ID>
    </C_City>
    <C_City type="table">
        <AD_Client_ID>0</AD_Client_ID>
        <AD_Org_ID>0</AD_Org_ID>
        <Postal>25053</Postal>
        <C_Region_ID reference="uuid" reference-key="C_Region">f1a4ea81-c52c-4861-87c3-ac9f576b9025</C_Region_ID>
        <AreaCode/>
        <C_City_UU>4524a5d5-e097-498f-a549-1be59960b2e9</C_City_UU>
        <Name>Nandasmo</Name>
        <Locode/>
        <Coordinates/>
        <IsActive>true</IsActive>
        <C_Country_ID reference="id">263</C_Country_ID>
    </C_City>
    <C_City type="table">
        <AD_Client_ID>0</AD_Client_ID>
        <AD_Org_ID>0</AD_Org_ID>
        <Postal>25086</Postal>
        <C_Region_ID reference="uuid" reference-key="C_Region">f1a4ea81-c52c-4861-87c3-ac9f576b9025</C_Region_ID>
        <AreaCode/>
        <C_City_UU>587877eb-12cb-4f02-9cfd-18aa642fb68f</C_City_UU>
        <Name>Nindiri</Name>
        <Locode/>
        <Coordinates/>
        <IsActive>true</IsActive>
        <C_Country_ID reference="id">263</C_Country_ID>
    </C_City>
    <C_City type="table">
        <AD_Client_ID>0</AD_Client_ID>
        <AD_Org_ID>0</AD_Org_ID>
        <Postal>25095</Postal>
        <C_Region_ID reference="uuid" reference-key="C_Region">f1a4ea81-c52c-4861-87c3-ac9f576b9025</C_Region_ID>
        <AreaCode/>
        <C_City_UU>17bbc479-578f-4154-b4db-c810037c8b8c</C_City_UU>
        <Name>Niquinohomo</Name>
        <Locode/>
        <Coordinates/>
        <IsActive>true</IsActive>
        <C_Country_ID reference="id">263</C_Country_ID>
    </C_City>
    <C_City type="table">
        <AD_Client_ID>0</AD_Client_ID>
        <AD_Org_ID>0</AD_Org_ID>
        <Postal>25099</Postal>
        <C_Region_ID reference="uuid" reference-key="C_Region">f1a4ea81-c52c-4861-87c3-ac9f576b9025</C_Region_ID>
        <AreaCode/>
        <C_City_UU>9ed85a7d-a092-44c6-943e-4e74f51803db</C_City_UU>
        <Name>San Juan de Oriente</Name>
        <Locode/>
        <Coordinates/>
        <IsActive>true</IsActive>
        <C_Country_ID reference="id">263</C_Country_ID>
    </C_City>
    <C_City type="table">
        <AD_Client_ID>0</AD_Client_ID>
        <AD_Org_ID>0</AD_Org_ID>
        <Postal>25120</Postal>
        <C_Region_ID reference="uuid" reference-key="C_Region">f1a4ea81-c52c-4861-87c3-ac9f576b9025</C_Region_ID>
        <AreaCode/>
        <C_City_UU>3a5d6129-5c48-4ae7-8bc5-a130e085c394</C_City_UU>
        <Name>Tisma</Name>
        <Locode/>
        <Coordinates/>
        <IsActive>true</IsActive>
        <C_Country_ID reference="id">263</C_Country_ID>
    </C_City>
    <C_City type="table">
        <AD_Client_ID>0</AD_Client_ID>
        <AD_Org_ID>0</AD_Org_ID>
        <Postal>27001</Postal>
        <C_Region_ID reference="uuid" reference-key="C_Region">76942396-3fee-4968-b7ab-34da5b0ce1e4</C_Region_ID>
        <AreaCode/>
        <C_City_UU>0ca99767-0af1-4994-8b6e-a3f84c481f21</C_City_UU>
        <Name>Ciudad Dario</Name>
        <Locode/>
        <Coordinates/>
        <IsActive>true</IsActive>
        <C_Country_ID reference="id">263</C_Country_ID>
    </C_City>
    <C_City type="table">
        <AD_Client_ID>0</AD_Client_ID>
        <AD_Org_ID>0</AD_Org_ID>
        <Postal>27006</Postal>
        <C_Region_ID reference="uuid" reference-key="C_Region">76942396-3fee-4968-b7ab-34da5b0ce1e4</C_Region_ID>
        <AreaCode/>
        <C_City_UU>b30a7221-f07d-4472-b5f2-0e0ca60d310e</C_City_UU>
        <Name>El Tuma - La Dalia</Name>
        <Locode/>
        <Coordinates/>
        <IsActive>true</IsActive>
        <C_Country_ID reference="id">263</C_Country_ID>
    </C_City>
    <C_City type="table">
        <AD_Client_ID>0</AD_Client_ID>
        <AD_Org_ID>0</AD_Org_ID>
        <Postal>27025</Postal>
        <C_Region_ID reference="uuid" reference-key="C_Region">76942396-3fee-4968-b7ab-34da5b0ce1e4</C_Region_ID>
        <AreaCode/>
        <C_City_UU>4292c6a6-afc2-4010-86e0-11def8c24c4f</C_City_UU>
        <Name>Esquipulas</Name>
        <Locode/>
        <Coordinates/>
        <IsActive>true</IsActive>
        <C_Country_ID reference="id">263</C_Country_ID>
    </C_City>
    <C_City type="table">
        <AD_Client_ID>0</AD_Client_ID>
        <AD_Org_ID>0</AD_Org_ID>
        <Postal>27050</Postal>
        <C_Region_ID reference="uuid" reference-key="C_Region">76942396-3fee-4968-b7ab-34da5b0ce1e4</C_Region_ID>
        <AreaCode/>
        <C_City_UU>d801f715-1080-4fd5-a71a-1df3a10713d3</C_City_UU>
        <Name>Matagalpa</Name>
        <Locode/>
        <Coordinates/>
        <IsActive>true</IsActive>
        <C_Country_ID reference="id">263</C_Country_ID>
    </C_City>
    <C_City type="table">
        <AD_Client_ID>0</AD_Client_ID>
        <AD_Org_ID>0</AD_Org_ID>
        <Postal>27073</Postal>
        <C_Region_ID reference="uuid" reference-key="C_Region">76942396-3fee-4968-b7ab-34da5b0ce1e4</C_Region_ID>
        <AreaCode/>
        <C_City_UU>884ee91a-2906-453c-bda1-7806b4aacf63</C_City_UU>
        <Name>Matiguas</Name>
        <Locode/>
        <Coordinates/>
        <IsActive>true</IsActive>
        <C_Country_ID reference="id">263</C_Country_ID>
    </C_City>
    <C_City type="table">
        <AD_Client_ID>0</AD_Client_ID>
        <AD_Org_ID>0</AD_Org_ID>
        <Postal>27075</Postal>
        <C_Region_ID reference="uuid" reference-key="C_Region">76942396-3fee-4968-b7ab-34da5b0ce1e4</C_Region_ID>
        <AreaCode/>
        <C_City_UU>cff1f75e-2399-4adb-8524-9ce8d8b8dede</C_City_UU>
        <Name>Muy Muy</Name>
        <Locode/>
        <Coordinates/>
        <IsActive>true</IsActive>
        <C_Country_ID reference="id">263</C_Country_ID>
    </C_City>
    <C_City type="table">
        <AD_Client_ID>0</AD_Client_ID>
        <AD_Org_ID>0</AD_Org_ID>
        <Postal>27077</Postal>
        <C_Region_ID reference="uuid" reference-key="C_Region">76942396-3fee-4968-b7ab-34da5b0ce1e4</C_Region_ID>
        <AreaCode/>
        <C_City_UU>1948c539-7bcb-4479-9d26-4f6e64bd4ebd</C_City_UU>
        <Name>Rancho Grande</Name>
        <Locode/>
        <Coordinates/>
        <IsActive>true</IsActive>
        <C_Country_ID reference="id">263</C_Country_ID>
    </C_City>
    <C_City type="table">
        <AD_Client_ID>0</AD_Client_ID>
        <AD_Org_ID>0</AD_Org_ID>
        <Postal>27086</Postal>
        <C_Region_ID reference="uuid" reference-key="C_Region">76942396-3fee-4968-b7ab-34da5b0ce1e4</C_Region_ID>
        <AreaCode/>
        <C_City_UU>7b89f278-563d-4d36-8cb6-f106a4eb8634</C_City_UU>
        <Name>Rio Blanco</Name>
        <Locode/>
        <Coordinates/>
        <IsActive>true</IsActive>
        <C_Country_ID reference="id">263</C_Country_ID>
    </C_City>
    <C_City type="table">
        <AD_Client_ID>0</AD_Client_ID>
        <AD_Org_ID>0</AD_Org_ID>
        <Postal>27099</Postal>
        <C_Region_ID reference="uuid" reference-key="C_Region">76942396-3fee-4968-b7ab-34da5b0ce1e4</C_Region_ID>
        <AreaCode/>
        <C_City_UU>660f6c18-7fde-42c7-80a7-d1cc1e4baf61</C_City_UU>
        <Name>San Dionisio</Name>
        <Locode/>
        <Coordinates/>
        <IsActive>true</IsActive>
        <C_Country_ID reference="id">263</C_Country_ID>
    </C_City>
    <C_City type="table">
        <AD_Client_ID>0</AD_Client_ID>
        <AD_Org_ID>0</AD_Org_ID>
        <Postal>27135</Postal>
        <C_Region_ID reference="uuid" reference-key="C_Region">76942396-3fee-4968-b7ab-34da5b0ce1e4</C_Region_ID>
        <AreaCode/>
        <C_City_UU>a0d4efaf-1867-4328-99a6-e12bb8984470</C_City_UU>
        <Name>San Isidro</Name>
        <Locode/>
        <Coordinates/>
        <IsActive>true</IsActive>
        <C_Country_ID reference="id">263</C_Country_ID>
    </C_City>
    <C_City type="table">
        <AD_Client_ID>0</AD_Client_ID>
        <AD_Org_ID>0</AD_Org_ID>
        <Postal>27150</Postal>
        <C_Region_ID reference="uuid" reference-key="C_Region">76942396-3fee-4968-b7ab-34da5b0ce1e4</C_Region_ID>
        <AreaCode/>
        <C_City_UU>9e4c02e7-dd17-49a1-ae07-94ff5800b6d2</C_City_UU>
        <Name>San Ramon</Name>
        <Locode/>
        <Coordinates/>
        <IsActive>true</IsActive>
        <C_Country_ID reference="id">263</C_Country_ID>
    </C_City>
    <C_City type="table">
        <AD_Client_ID>0</AD_Client_ID>
        <AD_Org_ID>0</AD_Org_ID>
        <Postal>27160</Postal>
        <C_Region_ID reference="uuid" reference-key="C_Region">76942396-3fee-4968-b7ab-34da5b0ce1e4</C_Region_ID>
        <AreaCode/>
        <C_City_UU>6aa0e67e-b78e-45d1-8a0a-b920fd998a33</C_City_UU>
        <Name>Sebaco</Name>
        <Locode/>
        <Coordinates/>
        <IsActive>true</IsActive>
        <C_Country_ID reference="id">263</C_Country_ID>
    </C_City>
    <C_City type="table">
        <AD_Client_ID>0</AD_Client_ID>
        <AD_Org_ID>0</AD_Org_ID>
        <Postal>27205</Postal>
        <C_Region_ID reference="uuid" reference-key="C_Region">76942396-3fee-4968-b7ab-34da5b0ce1e4</C_Region_ID>
        <AreaCode/>
        <C_City_UU>22bcee35-7d9d-4367-b811-a525bbf2e79f</C_City_UU>
        <Name>Terrabona</Name>
        <Locode/>
        <Coordinates/>
        <IsActive>true</IsActive>
        <C_Country_ID reference="id">263</C_Country_ID>
    </C_City>
    <C_City type="table">
        <AD_Client_ID>0</AD_Client_ID>
        <AD_Org_ID>0</AD_Org_ID>
        <Postal>41001</Postal>
        <C_Region_ID reference="uuid" reference-key="C_Region">d6837959-4eea-492a-9682-1c147f565001</C_Region_ID>
        <AreaCode/>
        <C_City_UU>2e70ed20-c21a-421b-a4fa-21ee93328c28</C_City_UU>
        <Name>Ciudad Antigua</Name>
        <Locode/>
        <Coordinates/>
        <IsActive>true</IsActive>
        <C_Country_ID reference="id">263</C_Country_ID>
    </C_City>
    <C_City type="table">
        <AD_Client_ID>0</AD_Client_ID>
        <AD_Org_ID>0</AD_Org_ID>
        <Postal>41006</Postal>
        <C_Region_ID reference="uuid" reference-key="C_Region">d6837959-4eea-492a-9682-1c147f565001</C_Region_ID>
        <AreaCode/>
        <C_City_UU>49fd207d-9f01-4ebe-b049-f53cd6a9fe1f</C_City_UU>
        <Name>Dipilto</Name>
        <Locode/>
        <Coordinates/>
        <IsActive>true</IsActive>
        <C_Country_ID reference="id">263</C_Country_ID>
    </C_City>
    <C_City type="table">
        <AD_Client_ID>0</AD_Client_ID>
        <AD_Org_ID>0</AD_Org_ID>
        <Postal>41013</Postal>
        <C_Region_ID reference="uuid" reference-key="C_Region">d6837959-4eea-492a-9682-1c147f565001</C_Region_ID>
        <AreaCode/>
        <C_City_UU>809a72d4-8d81-4742-985a-ae4fcf4df701</C_City_UU>
        <Name>El Jicaro</Name>
        <Locode/>
        <Coordinates/>
        <IsActive>true</IsActive>
        <C_Country_ID reference="id">263</C_Country_ID>
    </C_City>
    <C_City type="table">
        <AD_Client_ID>0</AD_Client_ID>
        <AD_Org_ID>0</AD_Org_ID>
        <Postal>41016</Postal>
        <C_Region_ID reference="uuid" reference-key="C_Region">d6837959-4eea-492a-9682-1c147f565001</C_Region_ID>
        <AreaCode/>
        <C_City_UU>04715d1c-f2e5-4207-843e-ac92e5f0b7ef</C_City_UU>
        <Name>Wiwili</Name>
        <Locode/>
        <Coordinates/>
        <IsActive>true</IsActive>
        <C_Country_ID reference="id">263</C_Country_ID>
    </C_City>
    <C_City type="table">
        <AD_Client_ID>0</AD_Client_ID>
        <AD_Org_ID>0</AD_Org_ID>
        <Postal>41020</Postal>
        <C_Region_ID reference="uuid" reference-key="C_Region">d6837959-4eea-492a-9682-1c147f565001</C_Region_ID>
        <AreaCode/>
        <C_City_UU>ea8a190b-dd0e-4eee-8157-61b1401b73d9</C_City_UU>
        <Name>Jalapa</Name>
        <Locode/>
        <Coordinates/>
        <IsActive>true</IsActive>
        <C_Country_ID reference="id">263</C_Country_ID>
    </C_City>
    <C_City type="table">
        <AD_Client_ID>0</AD_Client_ID>
        <AD_Org_ID>0</AD_Org_ID>
        <Postal>41026</Postal>
        <C_Region_ID reference="uuid" reference-key="C_Region">d6837959-4eea-492a-9682-1c147f565001</C_Region_ID>
        <AreaCode/>
        <C_City_UU>86d7cd06-1cd4-44cf-b8ba-7167381174df</C_City_UU>
        <Name>Macuelizo</Name>
        <Locode/>
        <Coordinates/>
        <IsActive>true</IsActive>
        <C_Country_ID reference="id">263</C_Country_ID>
    </C_City>
    <C_City type="table">
        <AD_Client_ID>0</AD_Client_ID>
        <AD_Org_ID>0</AD_Org_ID>
        <Postal>41078</Postal>
        <C_Region_ID reference="uuid" reference-key="C_Region">d6837959-4eea-492a-9682-1c147f565001</C_Region_ID>
        <AreaCode/>
        <C_City_UU>f7fcf60d-7c1a-47ce-bfd4-def2cf6d3519</C_City_UU>
        <Name>Mozonte</Name>
        <Locode/>
        <Coordinates/>
        <IsActive>true</IsActive>
        <C_Country_ID reference="id">263</C_Country_ID>
    </C_City>
    <C_City type="table">
        <AD_Client_ID>0</AD_Client_ID>
        <AD_Org_ID>0</AD_Org_ID>
        <Postal>41132</Postal>
        <C_Region_ID reference="uuid" reference-key="C_Region">d6837959-4eea-492a-9682-1c147f565001</C_Region_ID>
        <AreaCode/>
        <C_City_UU>10f452b3-87d2-4f8b-b5b3-d23efa104851</C_City_UU>
        <Name>Murra</Name>
        <Locode/>
        <Coordinates/>
        <IsActive>true</IsActive>
        <C_Country_ID reference="id">263</C_Country_ID>
    </C_City>
    <C_City type="table">
        <AD_Client_ID>0</AD_Client_ID>
        <AD_Org_ID>0</AD_Org_ID>
        <Postal>41206</Postal>
        <C_Region_ID reference="uuid" reference-key="C_Region">d6837959-4eea-492a-9682-1c147f565001</C_Region_ID>
        <AreaCode/>
        <C_City_UU>8581009c-8bbb-4b73-8e2f-63c389f34f4b</C_City_UU>
        <Name>Ocotal</Name>
        <Locode/>
        <Coordinates/>
        <IsActive>true</IsActive>
        <C_Country_ID reference="id">263</C_Country_ID>
    </C_City>
    <C_City type="table">
        <AD_Client_ID>0</AD_Client_ID>
        <AD_Org_ID>0</AD_Org_ID>
        <Postal>41244</Postal>
        <C_Region_ID reference="uuid" reference-key="C_Region">d6837959-4eea-492a-9682-1c147f565001</C_Region_ID>
        <AreaCode/>
        <C_City_UU>dc135e5d-99fc-4005-939f-4f33dcee07e5</C_City_UU>
        <Name>Quilali</Name>
        <Locode/>
        <Coordinates/>
        <IsActive>true</IsActive>
        <C_Country_ID reference="id">263</C_Country_ID>
    </C_City>
    <C_City type="table">
        <AD_Client_ID>0</AD_Client_ID>
        <AD_Org_ID>0</AD_Org_ID>
        <Postal>41298</Postal>
        <C_Region_ID reference="uuid" reference-key="C_Region">d6837959-4eea-492a-9682-1c147f565001</C_Region_ID>
        <AreaCode/>
        <C_City_UU>7cb6da4e-35be-48c6-888f-2172fb079208</C_City_UU>
        <Name>San Fernando</Name>
        <Locode/>
        <Coordinates/>
        <IsActive>true</IsActive>
        <C_Country_ID reference="id">263</C_Country_ID>
    </C_City>
    <C_City type="table">
        <AD_Client_ID>0</AD_Client_ID>
        <AD_Org_ID>0</AD_Org_ID>
        <Postal>41306</Postal>
        <C_Region_ID reference="uuid" reference-key="C_Region">d6837959-4eea-492a-9682-1c147f565001</C_Region_ID>
        <AreaCode/>
        <C_City_UU>099ed0f7-c050-418e-942b-0db38cb2a147</C_City_UU>
        <Name>Santa Maria</Name>
        <Locode/>
        <Coordinates/>
        <IsActive>true</IsActive>
        <C_Country_ID reference="id">263</C_Country_ID>
    </C_City>
    <C_City type="table">
        <AD_Client_ID>0</AD_Client_ID>
        <AD_Org_ID>0</AD_Org_ID>
        <Postal>44001</Postal>
        <C_Region_ID reference="uuid" reference-key="C_Region">68f64691-e6ee-4751-aab9-3ac8fd09bab8</C_Region_ID>
        <AreaCode/>
        <C_City_UU>fb6be3ad-1931-47f9-ace1-4b490a4003c2</C_City_UU>
        <Name>Altagracia - Ometepe</Name>
        <Locode/>
        <Coordinates/>
        <IsActive>true</IsActive>
        <C_Country_ID reference="id">263</C_Country_ID>
    </C_City>
    <C_City type="table">
        <AD_Client_ID>0</AD_Client_ID>
        <AD_Org_ID>0</AD_Org_ID>
        <Postal>44035</Postal>
        <C_Region_ID reference="uuid" reference-key="C_Region">68f64691-e6ee-4751-aab9-3ac8fd09bab8</C_Region_ID>
        <AreaCode/>
        <C_City_UU>c91c5988-f464-481b-a7d9-ad6e1dea01dc</C_City_UU>
        <Name>Belen</Name>
        <Locode/>
        <Coordinates/>
        <IsActive>true</IsActive>
        <C_Country_ID reference="id">263</C_Country_ID>
    </C_City>
    <C_City type="table">
        <AD_Client_ID>0</AD_Client_ID>
        <AD_Org_ID>0</AD_Org_ID>
        <Postal>44078</Postal>
        <C_Region_ID reference="uuid" reference-key="C_Region">68f64691-e6ee-4751-aab9-3ac8fd09bab8</C_Region_ID>
        <AreaCode/>
        <C_City_UU>293f5571-131f-479d-9267-a093f644cc6e</C_City_UU>
        <Name>Buenos Aires</Name>
        <Locode/>
        <Coordinates/>
        <IsActive>true</IsActive>
        <C_Country_ID reference="id">263</C_Country_ID>
    </C_City>
    <C_City type="table">
        <AD_Client_ID>0</AD_Client_ID>
        <AD_Org_ID>0</AD_Org_ID>
        <Postal>44090</Postal>
        <C_Region_ID reference="uuid" reference-key="C_Region">68f64691-e6ee-4751-aab9-3ac8fd09bab8</C_Region_ID>
        <AreaCode/>
        <C_City_UU>f945cdfe-9abf-4354-9004-113b27b1be73</C_City_UU>
        <Name>Cardenas</Name>
        <Locode/>
        <Coordinates/>
        <IsActive>true</IsActive>
        <C_Country_ID reference="id">263</C_Country_ID>
    </C_City>
    <C_City type="table">
        <AD_Client_ID>0</AD_Client_ID>
        <AD_Org_ID>0</AD_Org_ID>
        <Postal>44098</Postal>
        <C_Region_ID reference="uuid" reference-key="C_Region">68f64691-e6ee-4751-aab9-3ac8fd09bab8</C_Region_ID>
        <AreaCode/>
        <C_City_UU>54790fce-36c2-4211-b065-3240df1ab91f</C_City_UU>
        <Name>Moyogalpa - Ometepe</Name>
        <Locode/>
        <Coordinates/>
        <IsActive>true</IsActive>
        <C_Country_ID reference="id">263</C_Country_ID>
    </C_City>
    <C_City type="table">
        <AD_Client_ID>0</AD_Client_ID>
        <AD_Org_ID>0</AD_Org_ID>
        <Postal>44110</Postal>
        <C_Region_ID reference="uuid" reference-key="C_Region">68f64691-e6ee-4751-aab9-3ac8fd09bab8</C_Region_ID>
        <AreaCode/>
        <C_City_UU>0033ca92-ce99-40e6-af1f-36eddcd41ae4</C_City_UU>
        <Name>Rivas</Name>
        <Locode/>
        <Coordinates/>
        <IsActive>true</IsActive>
        <C_Country_ID reference="id">263</C_Country_ID>
    </C_City>
    <C_City type="table">
        <AD_Client_ID>0</AD_Client_ID>
        <AD_Org_ID>0</AD_Org_ID>
        <Postal>44279</Postal>
        <C_Region_ID reference="uuid" reference-key="C_Region">68f64691-e6ee-4751-aab9-3ac8fd09bab8</C_Region_ID>
        <AreaCode/>
        <C_City_UU>45fbe557-43fe-4919-a3a8-4682ed41fdcf</C_City_UU>
        <Name>San Juan del Sur</Name>
        <Locode/>
        <Coordinates/>
        <IsActive>true</IsActive>
        <C_Country_ID reference="id">263</C_Country_ID>
    </C_City>
    <C_City type="table">
        <AD_Client_ID>0</AD_Client_ID>
        <AD_Org_ID>0</AD_Org_ID>
        <Postal>44378</Postal>
        <C_Region_ID reference="uuid" reference-key="C_Region">68f64691-e6ee-4751-aab9-3ac8fd09bab8</C_Region_ID>
        <AreaCode/>
        <C_City_UU>9e286225-0104-4294-8c4a-d8ce7d16cae2</C_City_UU>
        <Name>Tola</Name>
        <Locode/>
        <Coordinates/>
        <IsActive>true</IsActive>
        <C_Country_ID reference="id">263</C_Country_ID>
    </C_City>
    <C_City type="table">
        <AD_Client_ID>0</AD_Client_ID>
        <AD_Org_ID>0</AD_Org_ID>
        <Postal>44420</Postal>
        <C_Region_ID reference="uuid" reference-key="C_Region">68f64691-e6ee-4751-aab9-3ac8fd09bab8</C_Region_ID>
        <AreaCode/>
        <C_City_UU>d610ff1d-4374-4160-b6c9-eeca00ed8fd1</C_City_UU>
        <Name>San Jorge</Name>
        <Locode/>
        <Coordinates/>
        <IsActive>true</IsActive>
        <C_Country_ID reference="id">263</C_Country_ID>
    </C_City>
    <C_City type="table">
        <AD_Client_ID>0</AD_Client_ID>
        <AD_Org_ID>0</AD_Org_ID>
        <Postal>44430</Postal>
        <C_Region_ID reference="uuid" reference-key="C_Region">68f64691-e6ee-4751-aab9-3ac8fd09bab8</C_Region_ID>
        <AreaCode/>
        <C_City_UU>86261266-d542-4c02-8a43-6ab1496f221a</C_City_UU>
        <Name>Potosi</Name>
        <Locode/>
        <Coordinates/>
        <IsActive>true</IsActive>
        <C_Country_ID reference="id">263</C_Country_ID>
    </C_City>
    <C_City type="table">
        <AD_Client_ID>0</AD_Client_ID>
        <AD_Org_ID>0</AD_Org_ID>
        <Postal>47001</Postal>
        <C_Region_ID reference="uuid" reference-key="C_Region">67717ed1-eb80-4a39-8d6d-d4fb7e8bf4f0</C_Region_ID>
        <AreaCode/>
        <C_City_UU>4c18869c-f786-4a7e-8a94-bfe07f2ec547</C_City_UU>
        <Name>El Almendro</Name>
        <Locode/>
        <Coordinates/>
        <IsActive>true</IsActive>
        <C_Country_ID reference="id">263</C_Country_ID>
    </C_City>
    <C_City type="table">
        <AD_Client_ID>0</AD_Client_ID>
        <AD_Org_ID>0</AD_Org_ID>
        <Postal>47030</Postal>
        <C_Region_ID reference="uuid" reference-key="C_Region">67717ed1-eb80-4a39-8d6d-d4fb7e8bf4f0</C_Region_ID>
        <AreaCode/>
        <C_City_UU>6929755d-e597-49c6-b392-084d80e92fc0</C_City_UU>
        <Name>El Castillo</Name>
        <Locode/>
        <Coordinates/>
        <IsActive>true</IsActive>
        <C_Country_ID reference="id">263</C_Country_ID>
    </C_City>
    <C_City type="table">
        <AD_Client_ID>0</AD_Client_ID>
        <AD_Org_ID>0</AD_Org_ID>
        <Postal>47053</Postal>
        <C_Region_ID reference="uuid" reference-key="C_Region">67717ed1-eb80-4a39-8d6d-d4fb7e8bf4f0</C_Region_ID>
        <AreaCode/>
        <C_City_UU>b28cb695-85c7-43c3-942c-967fc21d0669</C_City_UU>
        <Name>Morrito</Name>
        <Locode/>
        <Coordinates/>
        <IsActive>true</IsActive>
        <C_Country_ID reference="id">263</C_Country_ID>
    </C_City>
    <C_City type="table">
        <AD_Client_ID>0</AD_Client_ID>
        <AD_Org_ID>0</AD_Org_ID>
        <Postal>47058</Postal>
        <C_Region_ID reference="uuid" reference-key="C_Region">67717ed1-eb80-4a39-8d6d-d4fb7e8bf4f0</C_Region_ID>
        <AreaCode/>
        <C_City_UU>7ca57899-6f87-4c12-b139-003f3039cd29</C_City_UU>
        <Name>San Carlos</Name>
        <Locode/>
        <Coordinates/>
        <IsActive>true</IsActive>
        <C_Country_ID reference="id">263</C_Country_ID>
    </C_City>
    <C_City type="table">
        <AD_Client_ID>0</AD_Client_ID>
        <AD_Org_ID>0</AD_Org_ID>
        <Postal>47161</Postal>
        <C_Region_ID reference="uuid" reference-key="C_Region">67717ed1-eb80-4a39-8d6d-d4fb7e8bf4f0</C_Region_ID>
        <AreaCode/>
        <C_City_UU>1e303ee8-ec46-4559-bf59-b8d49475efee</C_City_UU>
        <Name>San Juan del Norte</Name>
        <Locode/>
        <Coordinates/>
        <IsActive>true</IsActive>
        <C_Country_ID reference="id">263</C_Country_ID>
    </C_City>
    <C_City type="table">
        <AD_Client_ID>0</AD_Client_ID>
        <AD_Org_ID>0</AD_Org_ID>
        <Postal>47170</Postal>
        <C_Region_ID reference="uuid" reference-key="C_Region">67717ed1-eb80-4a39-8d6d-d4fb7e8bf4f0</C_Region_ID>
        <AreaCode/>
        <C_City_UU>8ce6fcbf-5edf-45cd-97e5-0021c5d5f191</C_City_UU>
        <Name>San Miguelito</Name>
        <Locode/>
        <Coordinates/>
        <IsActive>true</IsActive>
        <C_Country_ID reference="id">263</C_Country_ID>
    </C_City>
    <C_City type="table">
        <AD_Client_ID>0</AD_Client_ID>
        <AD_Org_ID>0</AD_Org_ID>
        <Postal>50001</Postal>
        <C_Region_ID reference="uuid" reference-key="C_Region">a14dadca-8cad-4afa-9b63-05020874b89f</C_Region_ID>
        <AreaCode/>
        <C_City_UU>8f0f0e3d-0265-47ec-9ebf-be95c5398cbf</C_City_UU>
        <Name>Bonanza</Name>
        <Locode/>
        <Coordinates/>
        <IsActive>true</IsActive>
        <C_Country_ID reference="id">263</C_Country_ID>
    </C_City>
    <C_City type="table">
        <AD_Client_ID>0</AD_Client_ID>
        <AD_Org_ID>0</AD_Org_ID>
        <Postal>50006</Postal>
        <C_Region_ID reference="uuid" reference-key="C_Region">a14dadca-8cad-4afa-9b63-05020874b89f</C_Region_ID>
        <AreaCode/>
        <C_City_UU>2973cd00-357c-46dd-935a-12411f870880</C_City_UU>
        <Name>Prinzapolka</Name>
        <Locode/>
        <Coordinates/>
        <IsActive>true</IsActive>
        <C_Country_ID reference="id">263</C_Country_ID>
    </C_City>
    <C_City type="table">
        <AD_Client_ID>0</AD_Client_ID>
        <AD_Org_ID>0</AD_Org_ID>
        <Postal>50110</Postal>
        <C_Region_ID reference="uuid" reference-key="C_Region">a14dadca-8cad-4afa-9b63-05020874b89f</C_Region_ID>
        <AreaCode/>
        <C_City_UU>4cdf1244-4126-4ae6-b8c9-de0b338cecd6</C_City_UU>
        <Name>Puerto Cabezas</Name>
        <Locode/>
        <Coordinates/>
        <IsActive>true</IsActive>
        <C_Country_ID reference="id">263</C_Country_ID>
    </C_City>
    <C_City type="table">
        <AD_Client_ID>0</AD_Client_ID>
        <AD_Org_ID>0</AD_Org_ID>
        <Postal>50124</Postal>
        <C_Region_ID reference="uuid" reference-key="C_Region">a14dadca-8cad-4afa-9b63-05020874b89f</C_Region_ID>
        <AreaCode/>
        <C_City_UU>66e876eb-d777-476f-97e3-60148ca53bcd</C_City_UU>
        <Name>Rosita</Name>
        <Locode/>
        <Coordinates/>
        <IsActive>true</IsActive>
        <C_Country_ID reference="id">263</C_Country_ID>
    </C_City>
    <C_City type="table">
        <AD_Client_ID>0</AD_Client_ID>
        <AD_Org_ID>0</AD_Org_ID>
        <Postal>50150</Postal>
        <C_Region_ID reference="uuid" reference-key="C_Region">a14dadca-8cad-4afa-9b63-05020874b89f</C_Region_ID>
        <AreaCode/>
        <C_City_UU>f1d0453a-2cfa-4392-8592-23dff0507a13</C_City_UU>
        <Name>Siuna</Name>
        <Locode/>
        <Coordinates/>
        <IsActive>true</IsActive>
        <C_Country_ID reference="id">263</C_Country_ID>
    </C_City>
    <C_City type="table">
        <AD_Client_ID>0</AD_Client_ID>
        <AD_Org_ID>0</AD_Org_ID>
        <Postal>50223</Postal>
        <C_Region_ID reference="uuid" reference-key="C_Region">a14dadca-8cad-4afa-9b63-05020874b89f</C_Region_ID>
        <AreaCode/>
        <C_City_UU>94a3175e-dcbb-477f-b21f-8ff9f005df24</C_City_UU>
        <Name>Waslala</Name>
        <Locode/>
        <Coordinates/>
        <IsActive>true</IsActive>
        <C_Country_ID reference="id">263</C_Country_ID>
    </C_City>
    <C_City type="table">
        <AD_Client_ID>0</AD_Client_ID>
        <AD_Org_ID>0</AD_Org_ID>
        <Postal>50226</Postal>
        <C_Region_ID reference="uuid" reference-key="C_Region">a14dadca-8cad-4afa-9b63-05020874b89f</C_Region_ID>
        <AreaCode/>
        <C_City_UU>a7158486-0e08-41b9-9b08-2f36ac766185</C_City_UU>
        <Name>Waspan</Name>
        <Locode/>
        <Coordinates/>
        <IsActive>true</IsActive>
        <C_Country_ID reference="id">263</C_Country_ID>
    </C_City>
    <C_City type="table">
        <AD_Client_ID>0</AD_Client_ID>
        <AD_Org_ID>0</AD_Org_ID>
        <Postal>52001</Postal>
        <C_Region_ID reference="uuid" reference-key="C_Region">0f101b83-c041-4d9c-9351-ad71d9a09fe0</C_Region_ID>
        <AreaCode/>
        <C_City_UU>722490d3-3fdd-4049-853a-f2a45603f812</C_City_UU>
        <Name>Bluefields</Name>
        <Locode/>
        <Coordinates/>
        <IsActive>true</IsActive>
        <C_Country_ID reference="id">263</C_Country_ID>
    </C_City>
    <C_City type="table">
        <AD_Client_ID>0</AD_Client_ID>
        <AD_Org_ID>0</AD_Org_ID>
        <Postal>52019</Postal>
        <C_Region_ID reference="uuid" reference-key="C_Region">0f101b83-c041-4d9c-9351-ad71d9a09fe0</C_Region_ID>
        <AreaCode/>
        <C_City_UU>29c7ccd0-b463-4134-8e56-fd8e4726ebe2</C_City_UU>
        <Name>Desembocadura de la Cruz de Rio Grande</Name>
        <Locode/>
        <Coordinates/>
        <IsActive>true</IsActive>
        <C_Country_ID reference="id">263</C_Country_ID>
    </C_City>
    <C_City type="table">
        <AD_Client_ID>0</AD_Client_ID>
        <AD_Org_ID>0</AD_Org_ID>
        <Postal>52022</Postal>
        <C_Region_ID reference="uuid" reference-key="C_Region">0f101b83-c041-4d9c-9351-ad71d9a09fe0</C_Region_ID>
        <AreaCode/>
        <C_City_UU>b9ccda7c-74d1-49cd-bfbf-956f1b7de4e0</C_City_UU>
        <Name>El Ayote</Name>
        <Locode/>
        <Coordinates/>
        <IsActive>true</IsActive>
        <C_Country_ID reference="id">263</C_Country_ID>
    </C_City>
    <C_City type="table">
        <AD_Client_ID>0</AD_Client_ID>
        <AD_Org_ID>0</AD_Org_ID>
        <Postal>52036</Postal>
        <C_Region_ID reference="uuid" reference-key="C_Region">0f101b83-c041-4d9c-9351-ad71d9a09fe0</C_Region_ID>
        <AreaCode/>
        <C_City_UU>11bfbe02-ad15-4e7b-9a90-359955737f0d</C_City_UU>
        <Name>El Rama</Name>
        <Locode/>
        <Coordinates/>
        <IsActive>true</IsActive>
        <C_Country_ID reference="id">263</C_Country_ID>
    </C_City>
    <C_City type="table">
        <AD_Client_ID>0</AD_Client_ID>
        <AD_Org_ID>0</AD_Org_ID>
        <Postal>52051</Postal>
        <C_Region_ID reference="uuid" reference-key="C_Region">0f101b83-c041-4d9c-9351-ad71d9a09fe0</C_Region_ID>
        <AreaCode/>
        <C_City_UU>8414103d-a58b-4eea-a891-0b8bd952f7e5</C_City_UU>
        <Name>El Tortuguero</Name>
        <Locode/>
        <Coordinates/>
        <IsActive>true</IsActive>
        <C_Country_ID reference="id">263</C_Country_ID>
    </C_City>
    <C_City type="table">
        <AD_Client_ID>0</AD_Client_ID>
        <AD_Org_ID>0</AD_Org_ID>
        <Postal>52079</Postal>
        <C_Region_ID reference="uuid" reference-key="C_Region">0f101b83-c041-4d9c-9351-ad71d9a09fe0</C_Region_ID>
        <AreaCode/>
        <C_City_UU>b71cc963-8b0e-400d-8d17-5320d0f4f657</C_City_UU>
        <Name>Islas de Maiz</Name>
        <Locode/>
        <Coordinates/>
        <IsActive>true</IsActive>
        <C_Country_ID reference="id">263</C_Country_ID>
    </C_City>
    <C_City type="table">
        <AD_Client_ID>0</AD_Client_ID>
        <AD_Org_ID>0</AD_Org_ID>
        <Postal>52083</Postal>
        <C_Region_ID reference="uuid" reference-key="C_Region">0f101b83-c041-4d9c-9351-ad71d9a09fe0</C_Region_ID>
        <AreaCode/>
        <C_City_UU>3493e727-f565-416f-b42a-8e5e2203798c</C_City_UU>
        <Name>Kukra Hill</Name>
        <Locode/>
        <Coordinates/>
        <IsActive>true</IsActive>
        <C_Country_ID reference="id">263</C_Country_ID>
    </C_City>
    <C_City type="table">
        <AD_Client_ID>0</AD_Client_ID>
        <AD_Org_ID>0</AD_Org_ID>
        <Postal>52110</Postal>
        <C_Region_ID reference="uuid" reference-key="C_Region">0f101b83-c041-4d9c-9351-ad71d9a09fe0</C_Region_ID>
        <AreaCode/>
        <C_City_UU>86b39ac8-5486-4455-b480-9b318fa1ddf5</C_City_UU>
        <Name>La Cruz del Rio Grande</Name>
        <Locode/>
        <Coordinates/>
        <IsActive>true</IsActive>
        <C_Country_ID reference="id">263</C_Country_ID>
    </C_City>
    <C_City type="table">
        <AD_Client_ID>0</AD_Client_ID>
        <AD_Org_ID>0</AD_Org_ID>
        <Postal>52203</Postal>
        <C_Region_ID reference="uuid" reference-key="C_Region">0f101b83-c041-4d9c-9351-ad71d9a09fe0</C_Region_ID>
        <AreaCode/>
        <C_City_UU>91803072-7ec0-4d67-92c0-6c697cad22e7</C_City_UU>
        <Name>Laguna de Perlas</Name>
        <Locode/>
        <Coordinates/>
        <IsActive>true</IsActive>
        <C_Country_ID reference="id">263</C_Country_ID>
    </C_City>
    <C_City type="table">
        <AD_Client_ID>0</AD_Client_ID>
        <AD_Org_ID>0</AD_Org_ID>
        <Postal>52207</Postal>
        <C_Region_ID reference="uuid" reference-key="C_Region">0f101b83-c041-4d9c-9351-ad71d9a09fe0</C_Region_ID>
        <AreaCode/>
        <C_City_UU>82ef86a8-ca1a-49d3-a6c2-63b393c6e4d3</C_City_UU>
        <Name>Muelle de los Buelles</Name>
        <Locode/>
        <Coordinates/>
        <IsActive>true</IsActive>
        <C_Country_ID reference="id">263</C_Country_ID>
    </C_City>
    <C_City type="table">
        <AD_Client_ID>0</AD_Client_ID>
        <AD_Org_ID>0</AD_Org_ID>
        <Postal>52210</Postal>
        <C_Region_ID reference="uuid" reference-key="C_Region">0f101b83-c041-4d9c-9351-ad71d9a09fe0</C_Region_ID>
        <AreaCode/>
        <C_City_UU>0c1861dc-31e8-4d7b-93f3-bb1d4322454f</C_City_UU>
        <Name>Nueva Guinea</Name>
        <Locode/>
        <Coordinates/>
        <IsActive>true</IsActive>
        <C_Country_ID reference="id">263</C_Country_ID>
    </C_City>
    <C_City type="table">
        <AD_Client_ID>0</AD_Client_ID>
        <AD_Org_ID>0</AD_Org_ID>
        <Postal>52215</Postal>
        <C_Region_ID reference="uuid" reference-key="C_Region">0f101b83-c041-4d9c-9351-ad71d9a09fe0</C_Region_ID>
        <AreaCode/>
        <C_City_UU>cd64c63e-5b97-44a3-8b16-d723241a5f49</C_City_UU>
        <Name>Paiwas</Name>
        <Locode/>
        <Coordinates/>
        <IsActive>true</IsActive>
        <C_Country_ID reference="id">263</C_Country_ID>
    </C_City>
    <SQLStatement type="custom">
        <DBType>ALL</DBType>
        <statement><![CDATA[UPDATE ad_column SET isupdateable = 'N' WHERE ad_column_id IN (866, 7057)]]></statement>
    </SQLStatement>
</idempiere>
