<?xml version="1.0" encoding="UTF-8"?>
<?xml-stylesheet type="text/css" href="idempiereDocument.css"?>

<idempiereDocument>
    <header>LCO_RetencionesBaseData Package Description</header>
    <H1>Package Name:</H1>
    <packagename>LCO_RetencionesBaseData</packagename>
    <H1>Author:</H1>
    <Name:/>
    <H1>Email Address:</H1>
    <Email>info@globalqss.com</Email>
    <H1>Created:</H1>
    <Date>2013-08-08 13:00:17.238</Date>
    <H1>Updated:</H1>
    <Date>2013-08-08 13:00:17.238</Date>
    <H1>Description:</H1>
    <description>LCO Retenciones - Retenciones Easytech</description>
    <H1>Instructions:</H1>
    <instructions>Este paquete solo funciona para Easytech</instructions>
    <H1>Files in Package:</H1>
    <file>File: PackOut.xml</file>
    <filedirectory>Directory: \dict\</filedirectory>
    <filenotes>Notes: Contains all application/object settings for package</filenotes>
    <H1>Client:</H1>
    <Client>1000000-Easytech-Easytech</Client>
</idempiereDocument>
